Customer ID,total_sales,total_profit,order_count,avg_discount,avg_quantity,customer_name,cluster,cluster_label
CUST-1000,145.01,104.25,1,0.3,7.0,John Smith,2,Low-Value
CUST-1001,944.0,851.3900000000001,5,0.0,5.8,Priya Patel,3,Mid-High
CUST-1002,821.56,1119.71,5,0.0,4.6,Fatima Noor,3,Mid-High
CUST-1003,382.35,426.25000000000006,3,0.049999999999999996,5.0,David O'Brien,0,Mid-Low
CUST-1004,140.23,29.76,2,0.2,5.0,Fatima Noor,2,Low-Value
CUST-1005,19.35,69.56,1,0.0,7.0,David O'Brien,0,Mid-Low
CUST-1006,994.64,1343.81,6,0.041666666666666664,6.333333333333333,Liam O'Connor,1,High-Value
CUST-1007,186.37,139.17,3,0.09999999999999999,5.0,Priya Patel,2,Low-Value
CUST-1008,1265.1100000000001,771.03,8,0.0875,5.5,John Smith,3,Mid-High
CUST-1009,1083.8799999999999,794.1500000000001,3,0.0,3.0,Priya Patel,3,Mid-High
CUST-1010,30.25,42.01,1,0.2,8.0,John Smith,2,Low-Value
CUST-1011,416.13000000000005,289.3,3,0.049999999999999996,2.0,Fatima Noor,0,Mid-Low
CUST-1012,98.05,92.85000000000001,2,0.0,3.0,Fatima Noor,0,Mid-Low
CUST-1013,39.62,33.54,2,0.0,3.0,Maria Garcia ,0,Mid-Low
CUST-1014,1032.53,-196.45,9,0.03888888888888889,4.666666666666667,  John Smith,3,Mid-High
CUST-1015,161.48000000000002,322.16,4,0.0375,4.25,Liam O'Connor,0,Mid-Low
CUST-1016,474.05999999999995,518.51,3,0.15,6.666666666666667,Wei Chen,2,Low-Value
CUST-1017,1496.45,273.74,3,0.0,4.666666666666667,Priya Patel,3,Mid-High
CUST-1018,538.6700000000001,506.01,3,0.0,5.666666666666667,Fatima Noor,0,Mid-Low
CUST-1020,16.78,9.3,1,0.0,2.0,Wei Chen,0,Mid-Low
CUST-1021,99.37,47.07,1,0.3,5.0,Fatima Noor,2,Low-Value
CUST-1022,63.7,4.94,2,0.0,1.5,Liam O'Connor,0,Mid-Low
CUST-1023,30.61,9.46,1,0.0,1.0,Liam O'Connor,0,Mid-Low
CUST-1024,506.48,105.88,5,0.06000000000000001,3.6,Priya Patel,3,Mid-High
CUST-1025,61.7,47.06,1,0.0,7.0,John Smith,0,Mid-Low
CUST-1026,468.85,-171.82000000000002,3,0.049999999999999996,4.333333333333333,Fatima Noor,0,Mid-Low
CUST-1027,19.23,-12.709999999999999,2,0.1,7.0,Wei Chen,2,Low-Value
CUST-1028,579.9399999999999,222.93,8,0.05,4.875,  John Smith,3,Mid-High
CUST-1029,859.91,856.13,4,0.0375,5.5,Priya Patel,3,Mid-High
CUST-1030,579.28,790.69,5,0.05,6.2,  John Smith,3,Mid-High
CUST-1031,57.92,24.45,1,0.0,5.0,Liam O'Connor,0,Mid-Low
CUST-1032,46.12,-14.84,1,0.0,8.0,Priya Patel,0,Mid-Low
CUST-1033,385.61,399.02,2,0.05,5.5,  John Smith,0,Mid-Low
CUST-1034,66.05,114.16,1,0.0,8.0,Priya Patel,0,Mid-Low
CUST-1035,170.2,61.51,1,0.15,1.0,Maria Garcia ,2,Low-Value
CUST-1037,151.16,109.86,2,0.0,5.5,Liam O'Connor,0,Mid-Low
CUST-1038,1165.69,1692.19,4,0.0,5.25,Liam O'Connor,1,High-Value
CUST-1039,401.34000000000003,382.88,3,0.03333333333333333,4.333333333333333,Priya Patel,0,Mid-Low
CUST-1040,196.87,304.44,3,0.0,5.666666666666667,Priya Patel,0,Mid-Low
CUST-1041,454.85,314.8,3,0.16666666666666666,3.6666666666666665,John Smith,2,Low-Value
CUST-1042,400.31,444.24,3,0.03333333333333333,3.6666666666666665,Fatima Noor,0,Mid-Low
CUST-1043,208.68,210.32,3,0.049999999999999996,6.666666666666667,David O'Brien,0,Mid-Low
CUST-1044,349.68,97.77,3,0.049999999999999996,5.333333333333333,Liam O'Connor,0,Mid-Low
CUST-1045,53.7,90.08,1,0.1,9.0,Fatima Noor,2,Low-Value
CUST-1046,769.8599999999999,176.47,4,0.175,3.25,Liam O'Connor,2,Low-Value
CUST-1047,1049.83,1096.83,8,0.1125,5.0,Aisha Khan,1,High-Value
CUST-1048,60.06,33.59,3,0.049999999999999996,6.333333333333333,Maria Garcia ,0,Mid-Low
CUST-1049,629.02,180.16000000000003,5,0.02,4.0,Liam O'Connor,3,Mid-High
CUST-1050,1507.51,-660.8399999999999,3,0.15,4.0,Wei Chen,2,Low-Value
CUST-1051,311.32,263.67,4,0.0,4.5,Fatima Noor,0,Mid-Low
CUST-1052,432.46,211.31,3,0.049999999999999996,6.333333333333333,Wei Chen,0,Mid-Low
CUST-1053,76.36,-80.78,2,0.05,8.5,Wei Chen,0,Mid-Low
CUST-1054,138.29999999999998,113.77,4,0.05,5.5,  John Smith,0,Mid-Low
CUST-1055,642.23,24.39,4,0.0,5.75,Fatima Noor,3,Mid-High
CUST-1056,40.5,27.18,1,0.0,4.0,,0,Mid-Low
CUST-1057,197.46,20.96,2,0.075,1.0,Aisha Khan,0,Mid-Low
CUST-1058,629.92,295.05,2,0.05,5.0,Maria Garcia ,0,Mid-Low
CUST-1059,581.1600000000001,298.77,3,0.03333333333333333,6.666666666666667,Priya Patel,0,Mid-Low
CUST-1060,1781.69,1397.0800000000002,5,0.0,4.0,David O'Brien,1,High-Value
CUST-1061,25.57,0.37,1,0.0,2.0,Wei Chen,0,Mid-Low
CUST-1062,780.17,-33.52,5,0.02,4.2,David O'Brien,3,Mid-High
CUST-1063,12.78,1.99,1,0.0,3.0,Priya Patel,0,Mid-Low
CUST-1064,1092.6,1205.33,3,0.06666666666666667,3.6666666666666665,John Smith,1,High-Value
CUST-1065,612.53,345.17,3,0.03333333333333333,3.0,Liam O'Connor,0,Mid-Low
CUST-1066,108.51,219.22,1,0.0,7.0,Fatima Noor,0,Mid-Low
CUST-1067,382.6,799.33,2,0.05,7.0,Priya Patel,0,Mid-Low
CUST-1068,472.44,1508.7499999999998,5,0.06999999999999999,4.0,Aisha Khan,3,Mid-High
CUST-1069,571.26,323.79999999999995,5,0.06999999999999999,4.4,Aisha Khan,3,Mid-High
CUST-1070,939.9100000000001,388.07,2,0.15,3.5,Priya Patel,2,Low-Value
CUST-1071,424.88,378.40000000000003,2,0.05,5.0,Aisha Khan,0,Mid-Low
CUST-1072,61.739999999999995,26.810000000000002,3,0.06666666666666667,4.333333333333333,Priya Patel,0,Mid-Low
CUST-1073,737.52,996.9499999999999,2,0.0,3.5,Aisha Khan,0,Mid-Low
CUST-1074,1537.15,-267.11,4,0.125,5.25,John Smith,3,Mid-High
CUST-1075,591.76,156.36,3,0.06666666666666667,3.6666666666666665,Wei Chen,0,Mid-Low
CUST-1076,207.93,202.58,3,0.03333333333333333,5.333333333333333,Maria Garcia ,0,Mid-Low
CUST-1077,322.75,152.75,5,0.1,4.6,Aisha Khan,3,Mid-High
CUST-1078,514.03,223.26,5,0.13999999999999999,5.4,Aisha Khan,3,Mid-High
CUST-1079,58.760000000000005,35.34,2,0.0,2.5,Priya Patel,0,Mid-Low
CUST-1080,353.86,98.78999999999999,3,0.09999999999999999,3.0,Aisha Khan,2,Low-Value
CUST-1082,726.7099999999999,1248.8700000000001,4,0.05,5.5,Fatima Noor,3,Mid-High
CUST-1083,70.85,55.25,2,0.0,2.5,Liam O'Connor,0,Mid-Low
CUST-1084,59.41,76.41,1,0.2,8.0,  John Smith,2,Low-Value
CUST-1085,110.77000000000001,76.88,2,0.075,6.5,Priya Patel,0,Mid-Low
CUST-1086,427.88,332.40999999999997,2,0.15,4.5,Priya Patel,2,Low-Value
CUST-1087,80.62,112.41,2,0.0,4.5,Aisha Khan,0,Mid-Low
CUST-1088,729.41,317.71,4,0.1,6.0,Liam O'Connor,3,Mid-High
CUST-1089,237.23000000000002,38.51,3,0.0,2.6666666666666665,Liam O'Connor,0,Mid-Low
CUST-1090,53.36,33.22,2,0.075,2.5,John Smith,0,Mid-Low
CUST-1091,644.6700000000001,1496.6200000000001,3,0.11666666666666665,6.0,Maria Garcia ,1,High-Value
CUST-1092,18.81,10.76,1,0.2,2.0,Aisha Khan,2,Low-Value
CUST-1093,996.26,770.55,3,0.18333333333333335,4.666666666666667,Priya Patel,2,Low-Value
CUST-1094,168.54,231.45,3,0.0,6.333333333333333,David O'Brien,0,Mid-Low
CUST-1095,722.5899999999999,247.84,5,0.06,5.4,Fatima Noor,3,Mid-High
CUST-1096,57.260000000000005,111.63,2,0.0,9.0,Fatima Noor,0,Mid-Low
CUST-1097,142.11,290.29999999999995,3,0.03333333333333333,6.333333333333333,John Smith,0,Mid-Low
CUST-1099,1555.48,605.6700000000001,6,0.05000000000000001,5.833333333333333,Liam O'Connor,3,Mid-High
CUST-1100,350.78000000000003,212.38,3,0.15,5.0,Maria Garcia ,2,Low-Value
CUST-1101,643.59,680.36,5,0.04,5.0,David O'Brien,3,Mid-High
CUST-1102,599.3299999999999,-41.56,4,0.0875,3.25,Aisha Khan,3,Mid-High
CUST-1103,561.8499999999999,312.34,6,0.05833333333333333,4.666666666666667,Priya Patel,3,Mid-High
CUST-1104,251.63,587.3,3,0.18333333333333335,6.666666666666667,Fatima Noor,2,Low-Value
CUST-1105,2478.2200000000003,2875.7799999999997,7,0.0642857142857143,4.571428571428571,John Smith,1,High-Value
CUST-1106,78.67,148.81,1,0.1,9.0,Liam O'Connor,2,Low-Value
CUST-1107,476.13,-350.84000000000003,3,0.0,6.666666666666667,Aisha Khan,0,Mid-Low
CUST-1108,230.14,-17.73,4,0.025,3.5,Maria Garcia ,0,Mid-Low
CUST-1109,56.97,-0.31000000000000005,2,0.1,1.0,Priya Patel,2,Low-Value
CUST-1110,1385.47,25.000000000000004,5,0.12,4.0,David O'Brien,3,Mid-High
CUST-1111,808.13,633.78,2,0.05,6.0,John Smith,0,Mid-Low
CUST-1112,122.53999999999999,120.33000000000001,2,0.0,9.0,Priya Patel,0,Mid-Low
CUST-1113,1125.0800000000002,656.6700000000001,3,0.10000000000000002,6.666666666666667,David O'Brien,3,Mid-High
CUST-1114,29.58,-1.24,1,0.15,2.0,Wei Chen,2,Low-Value
CUST-1115,207.24,18.35,3,0.049999999999999996,1.6666666666666667,Maria Garcia ,0,Mid-Low
CUST-1116,107.62,50.599999999999994,3,0.0,2.6666666666666665,Priya Patel,0,Mid-Low
CUST-1117,78.21,80.87,1,0.0,5.0,  John Smith,0,Mid-Low
CUST-1118,731.9699999999999,178.55,3,0.0,3.6666666666666665,John Smith,0,Mid-Low
CUST-1119,104.26,67.16,4,0.2,5.75,Priya Patel,2,Low-Value
CUST-1120,473.76,326.39,3,0.03333333333333333,5.0,  John Smith,0,Mid-Low
CUST-1121,293.22,85.51,2,0.15000000000000002,3.5,  John Smith,2,Low-Value
CUST-1122,735.8,1052.95,4,0.1,6.0,Liam O'Connor,3,Mid-High
CUST-1123,526.71,707.74,4,0.0375,8.25,Wei Chen,3,Mid-High
CUST-1124,2374.14,2214.2,7,0.1285714285714286,4.571428571428571,Maria Garcia ,1,High-Value
CUST-1125,333.9,142.20000000000002,2,0.0,6.0,Priya Patel,0,Mid-Low
CUST-1126,664.58,-8.340000000000003,4,0.1,5.5,David O'Brien,3,Mid-High
CUST-1127,966.52,846.4399999999999,4,0.05,4.25,Liam O'Connor,3,Mid-High
CUST-1128,859.13,142.51,5,0.06999999999999999,3.4,Wei Chen,3,Mid-High
CUST-1129,85.81,-108.21,1,0.15,5.0,John Smith,2,Low-Value
CUST-1130,82.76,2.52,1,0.0,2.0,Maria Garcia ,0,Mid-Low
CUST-1131,669.6700000000001,502.86,4,0.025,4.25,John Smith,3,Mid-High
CUST-1132,313.83,-112.28999999999999,2,0.2,5.0,  John Smith,2,Low-Value
CUST-1133,662.69,911.54,5,0.06000000000000001,7.8,Liam O'Connor,3,Mid-High
CUST-1135,637.13,1072.54,4,0.025,5.5,  John Smith,3,Mid-High
CUST-1136,534.33,515.92,2,0.05,7.5,Priya Patel,0,Mid-Low
CUST-1137,60.989999999999995,93.7,2,0.0,5.0,Fatima Noor,0,Mid-Low
CUST-1138,13.94,4.68,1,0.0,6.0,Fatima Noor,0,Mid-Low
CUST-1139,495.01000000000005,-284.52,3,0.11666666666666665,5.666666666666667,David O'Brien,2,Low-Value
CUST-1140,425.5,-605.6800000000001,2,0.1,8.0,Wei Chen,2,Low-Value
CUST-1141,452.98,290.95,4,0.05,4.25,John Smith,3,Mid-High
CUST-1142,318.89,450.3,4,0.07500000000000001,6.0,Fatima Noor,3,Mid-High
CUST-1143,102.67,120.11,2,0.1,8.0,  John Smith,2,Low-Value
CUST-1144,450.53999999999996,111.41,3,0.03333333333333333,2.6666666666666665,David O'Brien,0,Mid-Low
CUST-1145,493.71000000000004,1065.34,3,0.0,4.666666666666667,Liam O'Connor,0,Mid-Low
CUST-1146,190.99,18.72,3,0.08333333333333333,2.3333333333333335,Aisha Khan,0,Mid-Low
CUST-1147,120.13,62.59999999999999,3,0.049999999999999996,5.666666666666667,Fatima Noor,0,Mid-Low
CUST-1148,269.21999999999997,119.13,4,0.025,6.25,Priya Patel,0,Mid-Low
CUST-1149,16.41,7.91,2,0.1,3.0,Liam O'Connor,2,Low-Value
CUST-1150,124.36000000000001,29.660000000000004,3,0.16666666666666666,1.0,Aisha Khan,2,Low-Value
CUST-1152,55.49,14.55,2,0.125,5.5,Wei Chen,2,Low-Value
CUST-1153,677.93,159.73999999999998,4,0.1,4.0,Priya Patel,3,Mid-High
CUST-1154,4.67,0.54,1,0.15,3.0,David O'Brien,2,Low-Value
CUST-1155,572.87,55.29999999999998,3,0.0,8.666666666666666,Aisha Khan,0,Mid-Low
CUST-1156,28.69,-26.61,1,0.3,3.0,John Smith,2,Low-Value
CUST-1157,306.45,270.92,5,0.05,5.0,Fatima Noor,3,Mid-High
CUST-1158,53.55,39.96,1,0.0,7.0,Maria Garcia ,0,Mid-Low
CUST-1159,1457.3799999999999,2726.2899999999995,3,0.0,3.0,Maria Garcia ,1,High-Value
CUST-1160,1405.25,3485.6299999999997,9,0.07222222222222223,6.222222222222222,Aisha Khan,1,High-Value
CUST-1161,87.05,128.22,4,0.0,4.25,Liam O'Connor,0,Mid-Low
CUST-1162,1782.3899999999999,-137.7,3,0.06666666666666667,4.666666666666667,Priya Patel,3,Mid-High
CUST-1163,803.64,203.02,3,0.13333333333333333,5.666666666666667,Aisha Khan,2,Low-Value
CUST-1164,861.62,-85.72999999999999,3,0.09999999999999999,2.3333333333333335,Priya Patel,3,Mid-High
CUST-1165,442.17,43.78,5,0.12,6.0,Wei Chen,3,Mid-High
CUST-1166,772.76,50.26000000000001,7,0.1357142857142857,5.142857142857143,Maria Garcia ,3,Mid-High
CUST-1167,1240.3,363.4,6,0.15,3.0,Wei Chen,3,Mid-High
CUST-1168,377.13,159.5,1,0.1,2.0,  John Smith,2,Low-Value
CUST-1169,1589.28,1901.15,4,0.125,7.0,Priya Patel,1,High-Value
CUST-1170,966.1800000000001,1739.92,6,0.06666666666666667,5.333333333333333,Fatima Noor,1,High-Value
CUST-1171,569.52,471.17999999999995,4,0.025,7.5,  John Smith,3,Mid-High
CUST-1172,787.6500000000001,391.78,5,0.06000000000000001,5.0,Aisha Khan,3,Mid-High
CUST-1173,301.07,655.12,1,0.0,9.0,David O'Brien,0,Mid-Low
CUST-1174,665.6800000000001,406.91999999999996,4,0.0375,5.0,Fatima Noor,3,Mid-High
CUST-1175,444.94,874.65,1,0.0,6.0,Liam O'Connor,0,Mid-Low
CUST-1176,659.07,288.46,3,0.03333333333333333,4.333333333333333,Aisha Khan,0,Mid-Low
CUST-1177,274.78,87.5,1,0.0,4.0,Aisha Khan,0,Mid-Low
CUST-1178,461.78,658.69,6,0.024999999999999998,5.833333333333333,Wei Chen,3,Mid-High
CUST-1179,578.73,158.93,2,0.15,1.5,Wei Chen,2,Low-Value
CUST-1180,343.19,356.7,3,0.06666666666666667,4.666666666666667,Liam O'Connor,0,Mid-Low
CUST-1181,146.14000000000001,-137.57,3,0.08333333333333333,4.666666666666667,  John Smith,0,Mid-Low
CUST-1182,492.79999999999995,283.18,3,0.0,4.0,Priya Patel,0,Mid-Low
CUST-1183,52.62,529.25,2,0.0,2.0,Maria Garcia ,0,Mid-Low
CUST-1184,173.38,279.57,2,0.075,4.0,  John Smith,0,Mid-Low
CUST-1185,449.63,382.71000000000004,3,0.09999999999999999,7.333333333333333,David O'Brien,2,Low-Value
CUST-1188,56.27,142.63,1,0.0,8.0,  John Smith,0,Mid-Low
CUST-1189,1224.58,-12.02000000000001,4,0.05,4.25,  John Smith,3,Mid-High
CUST-1190,620.11,741.9399999999999,5,0.08,6.6,Liam O'Connor,3,Mid-High
CUST-1191,36.43,-20.35,1,0.3,5.0,John Smith,2,Low-Value
CUST-1192,400.77,132.35,5,0.05,5.4,Priya Patel,3,Mid-High
CUST-1193,247.76000000000002,107.46000000000001,3,0.09999999999999999,3.6666666666666665,  John Smith,2,Low-Value
CUST-1194,573.75,1029.16,4,0.0,4.25,Aisha Khan,3,Mid-High
CUST-1195,72.15,181.54000000000002,2,0.05,8.0,Fatima Noor,0,Mid-Low
CUST-1196,572.15,118.78999999999999,6,0.041666666666666664,3.8333333333333335,  John Smith,3,Mid-High
CUST-1197,118.69,98.75999999999999,2,0.1,5.5,Maria Garcia ,2,Low-Value
CUST-1198,181.45,301.82,3,0.03333333333333333,8.0,Aisha Khan,0,Mid-Low
CUST-1199,252.66,287.0,3,0.0,6.666666666666667,Maria Garcia ,0,Mid-Low
CUST-1200,420.98,-573.38,1,0.3,5.0,Aisha Khan,2,Low-Value
CUST-1201,197.39000000000001,127.80999999999999,3,0.049999999999999996,5.666666666666667,Liam O'Connor,0,Mid-Low
CUST-1202,871.27,589.65,4,0.0,2.25,Aisha Khan,3,Mid-High
CUST-1203,1294.04,1523.27,4,0.0375,5.5,Liam O'Connor,1,High-Value
CUST-1204,60.290000000000006,46.28,2,0.0,3.5,Aisha Khan,0,Mid-Low
CUST-1205,711.1099999999999,1001.0600000000001,2,0.05,8.0,David O'Brien,0,Mid-Low
CUST-1206,1226.49,1640.7,5,0.0,5.6,Fatima Noor,1,High-Value
CUST-1207,504.76,480.60999999999996,3,0.049999999999999996,5.0,  John Smith,0,Mid-Low
CUST-1208,331.86,997.39,2,0.0,7.0,Fatima Noor,0,Mid-Low
CUST-1209,980.9600000000002,2060.97,4,0.09999999999999999,6.0,  John Smith,1,High-Value
CUST-1210,912.77,75.10000000000001,4,0.15000000000000002,6.5,John Smith,3,Mid-High
CUST-1211,672.15,-116.94000000000001,4,0.025,3.75,Fatima Noor,3,Mid-High
CUST-1212,396.94,234.40999999999997,3,0.08333333333333333,3.6666666666666665,Liam O'Connor,0,Mid-Low
CUST-1213,390.94,585.22,3,0.0,5.0,Priya Patel,0,Mid-Low
CUST-1214,449.92,114.31,4,0.1,5.0,David O'Brien,3,Mid-High
CUST-1216,552.28,572.37,4,0.1,5.5,John Smith,3,Mid-High
CUST-1217,54.64,12.58,1,0.3,1.0,,2,Low-Value
CUST-1219,671.91,1499.8000000000002,3,0.0,6.333333333333333,Liam O'Connor,1,High-Value
CUST-1220,287.16999999999996,32.44,2,0.15,9.0,Wei Chen,2,Low-Value
CUST-1221,456.6,334.08,4,0.025,6.0,Priya Patel,3,Mid-High
CUST-1222,268.21000000000004,175.58,2,0.15,3.5,Fatima Noor,2,Low-Value
CUST-1223,3532.34,3512.9300000000003,7,0.06428571428571428,4.428571428571429,Wei Chen,1,High-Value
CUST-1224,296.99,112.35999999999999,5,0.08,2.6,Liam O'Connor,3,Mid-High
CUST-1225,874.4300000000001,101.89000000000001,2,0.125,5.0,Wei Chen,2,Low-Value
CUST-1226,348.03000000000003,754.9100000000001,2,0.15,8.0,Maria Garcia ,2,Low-Value
CUST-1227,165.01,218.01,3,0.11666666666666665,5.333333333333333,Maria Garcia ,2,Low-Value
CUST-1228,594.87,1125.21,7,0.07142857142857142,4.571428571428571,Wei Chen,3,Mid-High
CUST-1229,682.16,322.98,5,0.028571428571428574,3.0,Priya Patel,3,Mid-High
CUST-1230,499.40999999999997,269.63,4,0.05,3.75,Liam O'Connor,3,Mid-High
CUST-1231,10.42,2.19,1,0.15,1.0,,2,Low-Value
CUST-1232,1545.62,624.4000000000001,6,0.06666666666666667,5.5,  John Smith,3,Mid-High
CUST-1233,1099.73,1643.66,5,0.04,6.6,  John Smith,1,High-Value
CUST-1234,1289.88,1449.4099999999999,3,0.08333333333333333,5.0,Fatima Noor,1,High-Value
CUST-1235,166.18,144.65,3,0.049999999999999996,3.3333333333333335,Aisha Khan,0,Mid-Low
CUST-1236,29.05,88.71,1,0.0,6.0,,0,Mid-Low
CUST-1237,764.37,1591.75,4,0.0375,6.5,Priya Patel,1,High-Value
CUST-1238,193.78,22.11,3,0.08333333333333333,4.0,  John Smith,0,Mid-Low
CUST-1240,268.15,423.62,2,0.05,6.0,Maria Garcia ,0,Mid-Low
CUST-1241,119.94999999999999,189.07,2,0.05,6.0,Aisha Khan,0,Mid-Low
CUST-1242,977.95,530.94,1,0.0,2.0,David O'Brien,0,Mid-Low
CUST-1243,317.12,-328.02,1,0.2,4.0,Wei Chen,2,Low-Value
CUST-1244,730.97,220.87,4,0.025,2.75,Liam O'Connor,3,Mid-High
CUST-1245,869.5400000000001,397.42,4,0.1,3.25,Wei Chen,3,Mid-High
CUST-1246,1219.32,1587.0500000000002,4,0.1125,4.5,Aisha Khan,1,High-Value
CUST-1247,273.57,61.910000000000004,4,0.07500000000000001,2.75,Fatima Noor,3,Mid-High
CUST-1248,91.8,81.57,1,0.15,2.0,Wei Chen,2,Low-Value
CUST-1249,521.9300000000001,147.35000000000002,2,0.15,5.5,Priya Patel,2,Low-Value
CUST-1250,1383.1399999999999,-57.890000000000015,2,0.0,1.5,Wei Chen,0,Mid-Low
CUST-1251,224.41,69.07,2,0.1,6.0,Maria Garcia ,2,Low-Value
CUST-1252,288.15000000000003,175.07,3,0.06666666666666667,5.333333333333333,John Smith,0,Mid-Low
CUST-1253,87.64,28.81,2,0.1,3.5,Liam O'Connor,2,Low-Value
CUST-1254,215.57999999999998,351.33000000000004,3,0.049999999999999996,5.333333333333333,John Smith,0,Mid-Low
CUST-1255,540.57,85.68,3,0.13333333333333333,3.6666666666666665,David O'Brien,2,Low-Value
CUST-1256,387.79,412.86,8,0.03125,4.25,Fatima Noor,3,Mid-High
CUST-1257,404.91999999999996,58.260000000000005,3,0.0,7.0,Liam O'Connor,0,Mid-Low
CUST-1258,252.35000000000002,302.9,3,0.0,5.0,Maria Garcia ,0,Mid-Low
CUST-1259,212.48000000000002,-32.589999999999996,2,0.075,1.5,Priya Patel,0,Mid-Low
CUST-1260,947.9200000000001,1586.85,4,0.0875,6.5,Maria Garcia ,1,High-Value
CUST-1261,188.0,42.519999999999996,5,0.09,4.6,David O'Brien,3,Mid-High
CUST-1262,670.11,387.15,5,0.06000000000000001,5.6,Fatima Noor,3,Mid-High
CUST-1263,10.13,6.67,1,0.0,5.0,John Smith,0,Mid-Low
CUST-1264,401.4,-111.71000000000001,7,0.04285714285714286,5.714285714285714,Aisha Khan,3,Mid-High
CUST-1265,339.87,180.65,2,0.05,5.0,Liam O'Connor,0,Mid-Low
CUST-1266,784.3,218.23,8,0.11875,6.0,David O'Brien,3,Mid-High
CUST-1267,216.4,428.15999999999997,4,0.0375,6.5,Wei Chen,0,Mid-Low
CUST-1268,225.78,77.43,2,0.0,2.5,  John Smith,0,Mid-Low
CUST-1269,18.82,2.06,1,0.0,1.0,Liam O'Connor,0,Mid-Low
CUST-1271,725.34,688.93,4,0.08,3.8,Aisha Khan,3,Mid-High
CUST-1272,390.83,423.56,3,0.049999999999999996,3.6666666666666665,Wei Chen,0,Mid-Low
CUST-1273,170.99,49.56,3,0.15,3.0,Maria Garcia ,2,Low-Value
CUST-1274,978.24,280.04,4,0.1,5.5,  John Smith,3,Mid-High
CUST-1276,604.02,268.03,6,0.0,1.5,Liam O'Connor,3,Mid-High
CUST-1277,18.89,-2.38,1,0.2,1.0,Wei Chen,2,Low-Value
CUST-1278,32.04,-0.18,1,0.0,1.0,Fatima Noor,0,Mid-Low
CUST-1279,63.96,55.35,1,0.0,3.0,Maria Garcia ,0,Mid-Low
CUST-1280,562.94,282.59999999999997,3,0.0,5.333333333333333,Wei Chen,0,Mid-Low
CUST-1281,111.46000000000001,118.42999999999999,5,0.02,4.8,Liam O'Connor,3,Mid-High
CUST-1282,1380.93,418.35,7,0.09999999999999999,5.0,  John Smith,3,Mid-High
CUST-1283,106.43,65.63,2,0.05,4.5,Maria Garcia ,0,Mid-Low
CUST-1284,204.88,307.96,4,0.0375,3.0,David O'Brien,0,Mid-Low
CUST-1286,765.47,101.08,3,0.0,6.333333333333333,Maria Garcia ,0,Mid-Low
CUST-1288,132.22,304.92999999999995,2,0.0,7.5,John Smith,0,Mid-Low
CUST-1289,1141.53,-205.43,7,0.09999999999999999,6.714285714285714,John Smith,3,Mid-High
CUST-1290,289.83,705.87,3,0.0,4.333333333333333,Fatima Noor,0,Mid-Low
CUST-1291,99.78999999999999,34.68,2,0.05,2.5,Wei Chen,0,Mid-Low
CUST-1292,1228.72,1141.06,7,0.06428571428571428,4.857142857142857,Wei Chen,1,High-Value
CUST-1293,392.49,306.23,4,0.0,4.25,David O'Brien,0,Mid-Low
CUST-1294,625.1800000000001,935.5999999999999,2,0.075,5.0,John Smith,0,Mid-Low
CUST-1295,833.03,1021.69,4,0.0375,4.0,Priya Patel,3,Mid-High
CUST-1297,456.89,289.93,3,0.06666666666666667,3.3333333333333335,Fatima Noor,0,Mid-Low
CUST-1298,479.41,495.63,5,0.06000000000000001,4.2,Liam O'Connor,3,Mid-High
CUST-1299,1044.74,1875.5,4,0.07500000000000001,7.5,Liam O'Connor,1,High-Value
CUST-1300,699.26,395.03999999999996,2,0.15,4.0,Priya Patel,2,Low-Value
CUST-1301,768.1300000000001,520.27,3,0.049999999999999996,7.0,Maria Garcia ,3,Mid-High
CUST-1302,49.68,133.99,1,0.0,7.0,Aisha Khan,0,Mid-Low
CUST-1303,17.86,11.69,1,0.15,8.0,David O'Brien,2,Low-Value
CUST-1304,1405.1100000000001,705.1099999999999,4,0.05,3.0,Fatima Noor,3,Mid-High
CUST-1305,1405.5,237.47,2,0.0,3.0,Fatima Noor,3,Mid-High
CUST-1307,433.19,958.74,2,0.0,5.0,Fatima Noor,0,Mid-Low
CUST-1308,230.41,64.41000000000001,3,0.06666666666666667,4.0,John Smith,0,Mid-Low
CUST-1309,211.82999999999998,159.52,3,0.11666666666666665,3.6666666666666665,  John Smith,2,Low-Value
CUST-1310,372.64,401.96000000000004,4,0.0,4.75,Aisha Khan,0,Mid-Low
CUST-1311,929.78,105.35,4,0.0875,5.0,  John Smith,3,Mid-High
CUST-1312,1521.8200000000002,543.3599999999999,5,0.13,6.6,David O'Brien,3,Mid-High
CUST-1313,888.38,441.43,6,0.03333333333333333,3.6666666666666665,Fatima Noor,3,Mid-High
CUST-1314,1156.48,883.87,2,0.0,7.5,David O'Brien,0,Mid-Low
CUST-1315,78.05,53.18,3,0.03333333333333333,2.6666666666666665,David O'Brien,0,Mid-Low
CUST-1316,761.55,133.62,5,0.02,5.0,Fatima Noor,3,Mid-High
CUST-1317,132.07,42.14,2,0.0,8.0,Fatima Noor,0,Mid-Low
CUST-1318,439.53999999999996,363.37,4,0.0625,5.5,David O'Brien,3,Mid-High
CUST-1319,660.04,1421.97,5,0.0,6.0,  John Smith,1,High-Value
CUST-1320,301.07,569.62,1,0.0,7.0,Aisha Khan,0,Mid-Low
CUST-1321,899.6800000000001,366.4,5,0.04,6.2,Wei Chen,3,Mid-High
CUST-1322,881.63,1015.12,4,0.1125,6.5,John Smith,3,Mid-High
CUST-1323,714.1999999999999,78.48,4,0.03,1.4,Priya Patel,3,Mid-High
CUST-1324,986.11,1764.42,4,0.0375,7.25,John Smith,1,High-Value
CUST-1326,770.03,2374.9999999999995,4,0.0375,6.75,Wei Chen,1,High-Value
CUST-1327,26.94,40.39,1,0.0,7.0,Fatima Noor,0,Mid-Low
CUST-1328,384.52000000000004,665.5699999999999,3,0.06666666666666667,4.0,David O'Brien,0,Mid-Low
CUST-1329,115.25999999999999,54.85,2,0.0,2.0,Aisha Khan,0,Mid-Low
CUST-1330,503.81,-24.1,1,0.2,1.0,  John Smith,2,Low-Value
CUST-1332,732.4000000000001,1917.1499999999999,3,0.0,7.666666666666667,David O'Brien,1,High-Value
CUST-1333,154.12,82.02,4,0.075,4.25,Fatima Noor,0,Mid-Low
CUST-1334,151.16,93.69,2,0.0,1.5,Liam O'Connor,0,Mid-Low
CUST-1335,530.57,994.22,2,0.0,6.5,Priya Patel,0,Mid-Low
CUST-1336,47.55,52.37,3,0.08333333333333333,5.666666666666667,Priya Patel,0,Mid-Low
CUST-1337,195.5,206.32999999999998,2,0.05,8.0,Priya Patel,0,Mid-Low
CUST-1338,40.81,4.92,2,0.0,3.0,  John Smith,0,Mid-Low
CUST-1339,676.55,625.5699999999999,3,0.18333333333333335,3.6666666666666665,David O'Brien,2,Low-Value
CUST-1340,1153.0,1358.1,5,0.03,5.6,Fatima Noor,1,High-Value
CUST-1341,73.9,78.51,2,0.05,8.5,Maria Garcia ,0,Mid-Low
CUST-1342,15.84,10.49,1,0.0,6.0,Liam O'Connor,0,Mid-Low
CUST-1343,18.84,9.96,1,0.0,7.0,Aisha Khan,0,Mid-Low
CUST-1344,456.15,229.45999999999998,3,0.03333333333333333,6.0,Liam O'Connor,0,Mid-Low
CUST-1345,1664.3999999999999,541.65,2,0.05,4.5,John Smith,3,Mid-High
CUST-1346,563.46,1211.51,3,0.13333333333333333,7.0,  John Smith,2,Low-Value
CUST-1347,804.94,509.19,2,0.0,6.5,Aisha Khan,0,Mid-Low
CUST-1348,309.45000000000005,44.120000000000005,3,0.13333333333333333,3.6666666666666665,Fatima Noor,2,Low-Value
CUST-1349,1132.89,778.89,4,0.025,4.75,Fatima Noor,3,Mid-High
CUST-1350,212.91,55.28,1,0.0,4.0,,0,Mid-Low
CUST-1351,1337.6899999999998,1439.48,6,0.09999999999999999,5.666666666666667,Fatima Noor,1,High-Value
CUST-1352,782.28,68.17999999999999,3,0.0,5.666666666666667,Liam O'Connor,0,Mid-Low
CUST-1353,1106.37,25.549999999999994,4,0.075,5.25,Maria Garcia ,3,Mid-High
CUST-1354,827.03,81.08999999999997,5,0.1,4.8,Maria Garcia ,3,Mid-High
CUST-1355,220.69,985.24,1,0.0,9.0,Maria Garcia ,0,Mid-Low
CUST-1356,163.32,168.61,1,0.0,3.0,John Smith,0,Mid-Low
CUST-1357,656.77,101.07000000000002,3,0.049999999999999996,4.666666666666667,  John Smith,0,Mid-Low
CUST-1358,499.28,386.38,4,0.0375,5.25,John Smith,3,Mid-High
CUST-1359,373.62,342.81,4,0.0625,3.75,John Smith,3,Mid-High
CUST-1360,508.34999999999997,983.5600000000001,4,0.025,5.25,Fatima Noor,3,Mid-High
CUST-1361,490.17,401.55,1,0.3,7.0,Wei Chen,2,Low-Value
CUST-1362,253.78,-35.82,2,0.1,5.5,Aisha Khan,2,Low-Value
CUST-1363,343.82,177.62,3,0.0,6.0,Priya Patel,0,Mid-Low
CUST-1365,388.81,50.230000000000004,3,0.03333333333333333,3.6666666666666665,Wei Chen,0,Mid-Low
CUST-1366,204.28,51.67,2,0.0,4.5,Fatima Noor,0,Mid-Low
CUST-1367,50.64,32.4,1,0.1,3.0,,2,Low-Value
CUST-1368,531.03,373.16999999999996,3,0.13333333333333333,3.6666666666666665,John Smith,2,Low-Value
CUST-1369,25.38,-0.31,1,0.15,9.0,Fatima Noor,2,Low-Value
CUST-1370,203.60999999999999,78.97,3,0.06666666666666667,2.6666666666666665,Wei Chen,0,Mid-Low
CUST-1371,610.47,921.03,4,0.025,3.75,  John Smith,3,Mid-High
CUST-1372,444.27,508.92,2,0.075,6.5,  John Smith,0,Mid-Low
CUST-1373,873.8599999999999,860.9,6,0.13333333333333333,7.0,Aisha Khan,3,Mid-High
CUST-1374,312.84000000000003,515.6,2,0.05,6.0,Liam O'Connor,0,Mid-Low
CUST-1375,647.01,384.05,3,0.15,5.666666666666667,Priya Patel,2,Low-Value
CUST-1376,1564.3500000000001,1149.0900000000001,4,0.05,4.0,Fatima Noor,1,High-Value
CUST-1377,210.45,564.93,2,0.075,5.5,Maria Garcia ,0,Mid-Low
CUST-1378,355.77,187.60999999999999,3,0.049999999999999996,4.666666666666667,Wei Chen,0,Mid-Low
CUST-1379,299.71,-37.15,4,0.1,3.75,Liam O'Connor,3,Mid-High
CUST-1380,306.77,146.27,2,0.05,2.5,Priya Patel,0,Mid-Low
CUST-1382,133.33,74.17,1,0.0,8.0,Maria Garcia ,0,Mid-Low
CUST-1383,1394.12,130.58000000000004,4,0.11249999999999999,5.0,Priya Patel,3,Mid-High
CUST-1384,944.26,-591.62,5,0.06999999999999999,6.4,Fatima Noor,3,Mid-High
CUST-1385,349.33,-66.47999999999999,4,0.0375,5.75,Fatima Noor,0,Mid-Low
CUST-1386,1008.31,779.9000000000001,5,0.11000000000000001,5.2,Liam O'Connor,3,Mid-High
CUST-1387,229.43,476.88,1,0.1,6.0,Fatima Noor,2,Low-Value
CUST-1388,151.62,71.64,3,0.13333333333333333,4.333333333333333,Wei Chen,2,Low-Value
CUST-1389,575.1800000000001,852.77,5,0.12,5.8,Fatima Noor,3,Mid-High
CUST-1391,429.09,465.39,4,0.0,4.25,Priya Patel,0,Mid-Low
CUST-1392,318.95,-112.20999999999998,4,0.1125,3.5,Aisha Khan,2,Low-Value
CUST-1393,691.22,267.0,5,0.06,5.8,David O'Brien,3,Mid-High
CUST-1394,61.120000000000005,12.190000000000001,2,0.075,2.5,Priya Patel,0,Mid-Low
CUST-1395,59.35,31.139999999999997,3,0.049999999999999996,5.333333333333333,John Smith,0,Mid-Low
CUST-1396,215.8,302.4,3,0.15,7.0,Priya Patel,2,Low-Value
CUST-1397,213.46,38.97,3,0.13333333333333333,3.3333333333333335,Liam O'Connor,2,Low-Value
CUST-1398,174.38,287.41,1,0.0,4.0,Priya Patel,0,Mid-Low
CUST-1400,71.4,91.99,1,0.15,4.0,Aisha Khan,2,Low-Value
CUST-1401,146.23,52.42,1,0.2,3.0,Priya Patel,2,Low-Value
CUST-1402,724.8199999999999,129.26,4,0.1125,5.25,Wei Chen,3,Mid-High
CUST-1403,1007.3,269.03000000000003,4,0.125,4.5,John Smith,3,Mid-High
CUST-1405,955.79,2203.04,4,0.0625,6.0,Liam O'Connor,1,High-Value
CUST-1406,30.03,50.42,2,0.0,8.0,Priya Patel,0,Mid-Low
CUST-1407,319.56,-8.019999999999996,3,0.16666666666666666,6.333333333333333,Wei Chen,2,Low-Value
CUST-1408,214.79,279.21,1,0.0,6.0,David O'Brien,0,Mid-Low
CUST-1409,21.65,-8.67,1,0.1,4.0,Fatima Noor,2,Low-Value
CUST-1410,234.77,210.29000000000002,5,0.11000000000000001,7.4,John Smith,3,Mid-High
CUST-1411,228.84,160.58,3,0.0,7.333333333333333,Liam O'Connor,0,Mid-Low
CUST-1412,1225.06,2280.06,5,0.06999999999999999,6.0,Maria Garcia ,1,High-Value
CUST-1413,269.26,213.59,3,0.06666666666666667,8.666666666666666,John Smith,0,Mid-Low
CUST-1414,522.29,578.82,5,0.02,6.8,Maria Garcia ,3,Mid-High
CUST-1415,119.53,161.42000000000002,2,0.1,4.0,Aisha Khan,2,Low-Value
CUST-1416,524.5799999999999,248.82,3,0.0,3.6666666666666665,John Smith,0,Mid-Low
CUST-1417,287.89,370.70000000000005,2,0.0,4.5,Maria Garcia ,0,Mid-Low
CUST-1418,175.3,183.77,5,0.06999999999999999,5.0,  John Smith,3,Mid-High
CUST-1419,100.58,55.7,1,0.0,5.0,Aisha Khan,0,Mid-Low
CUST-1420,994.87,1086.37,4,0.0,5.5,Liam O'Connor,3,Mid-High
CUST-1421,505.69,829.1700000000001,6,0.08333333333333333,6.333333333333333,Maria Garcia ,3,Mid-High
CUST-1422,225.86,134.18,2,0.075,5.5,Priya Patel,0,Mid-Low
CUST-1423,604.0899999999999,640.79,2,0.0,4.5,  John Smith,0,Mid-Low
CUST-1424,1405.51,859.87,5,0.05,4.6,Fatima Noor,1,High-Value
CUST-1425,91.92999999999999,89.28,2,0.0,2.5,Aisha Khan,0,Mid-Low
CUST-1426,179.20000000000002,38.849999999999994,2,0.15,2.0,Wei Chen,2,Low-Value
CUST-1427,275.21999999999997,280.23,6,0.049999999999999996,5.333333333333333,Priya Patel,3,Mid-High
CUST-1428,373.94,57.64,3,0.0,5.333333333333333,Maria Garcia ,0,Mid-Low
CUST-1429,153.36,181.97,6,0.041666666666666664,5.0,Maria Garcia ,3,Mid-High
CUST-1430,271.39,570.61,3,0.06666666666666667,6.666666666666667,  John Smith,0,Mid-Low
CUST-1431,82.98,18.96,3,0.03333333333333333,4.666666666666667,Liam O'Connor,0,Mid-Low
CUST-1432,409.14,-130.49000000000004,6,0.16666666666666666,4.833333333333333,John Smith,3,Mid-High
CUST-1433,966.88,2362.88,3,0.05,7.25,  John Smith,1,High-Value
CUST-1434,1563.13,1506.8400000000001,6,0.10833333333333334,6.0,  John Smith,1,High-Value
CUST-1435,334.83,229.31,4,0.11249999999999999,4.5,Priya Patel,3,Mid-High
CUST-1436,113.76,-160.85,2,0.0,6.0,Aisha Khan,0,Mid-Low
CUST-1437,1018.9300000000001,1877.84,4,0.0375,7.75,Liam O'Connor,1,High-Value
CUST-1438,1017.5400000000001,-100.66000000000001,5,0.02,4.4,John Smith,3,Mid-High
CUST-1439,617.1,562.03,3,0.15,6.0,Fatima Noor,2,Low-Value
CUST-1440,338.1,20.61,3,0.06666666666666667,2.6666666666666665,  John Smith,0,Mid-Low
CUST-1441,151.54,381.45,1,0.0,8.0,Maria Garcia ,0,Mid-Low
CUST-1442,335.45,611.9000000000001,2,0.0,7.5,Maria Garcia ,0,Mid-Low
CUST-1443,190.6,-9.93,1,0.3,1.0,  John Smith,2,Low-Value
CUST-1444,65.4,54.26,1,0.0,5.0,,0,Mid-Low
CUST-1445,495.71,157.75,4,0.025,5.0,David O'Brien,3,Mid-High
CUST-1447,771.52,847.76,6,0.06666666666666667,5.333333333333333,Fatima Noor,3,Mid-High
CUST-1448,124.6,113.08,3,0.06666666666666667,4.333333333333333,David O'Brien,0,Mid-Low
CUST-1449,586.26,218.39,3,0.03333333333333333,6.666666666666667,Wei Chen,0,Mid-Low
CUST-1450,592.38,658.28,4,0.0,4.5,Wei Chen,3,Mid-High
CUST-1451,652.02,782.22,4,0.15,6.25,Aisha Khan,3,Mid-High
CUST-1452,369.4,-19.28,1,0.0,2.0,Maria Garcia ,0,Mid-Low
CUST-1453,695.0,278.65999999999997,3,0.0,5.0,Maria Garcia ,0,Mid-Low
CUST-1454,109.02,19.71,1,0.1,3.0,,2,Low-Value
CUST-1455,1659.52,3298.94,4,0.05,5.0,John Smith,1,High-Value
CUST-1456,1813.66,165.76000000000008,6,0.05000000000000001,6.166666666666667,  John Smith,3,Mid-High
CUST-1457,1992.9099999999999,2148.0699999999997,4,0.05,6.75,Liam O'Connor,1,High-Value
CUST-1458,1243.3500000000001,1035.66,9,0.08888888888888889,3.4444444444444446,Wei Chen,1,High-Value
CUST-1459,34.69,6.64,2,0.05,2.5,Maria Garcia ,0,Mid-Low
CUST-1460,79.03,23.14,1,0.0,1.0,Aisha Khan,0,Mid-Low
CUST-1461,294.85,174.64,3,0.06666666666666667,2.6666666666666665,  John Smith,0,Mid-Low
CUST-1462,479.98,1055.1299999999999,3,0.03333333333333333,6.333333333333333,Fatima Noor,0,Mid-Low
CUST-1463,858.8700000000001,-101.09,2,0.05,3.5,Fatima Noor,0,Mid-Low
CUST-1464,22.45,25.33,1,0.15,7.0,  John Smith,2,Low-Value
CUST-1465,2556.1,3164.6600000000003,6,0.016666666666666666,5.833333333333333,Wei Chen,1,High-Value
CUST-1466,739.01,449.85,4,0.05,5.75,John Smith,3,Mid-High
CUST-1467,1325.8999999999999,2102.1200000000003,4,0.09999999999999999,6.25,Wei Chen,1,High-Value
CUST-1468,357.71999999999997,437.46000000000004,3,0.03333333333333333,4.333333333333333,  John Smith,0,Mid-Low
CUST-1469,163.51,145.67000000000002,5,0.16999999999999998,7.2,Priya Patel,2,Low-Value
CUST-1470,151.8,72.44,2,0.15000000000000002,6.0,Aisha Khan,2,Low-Value
CUST-1471,1257.2,599.1800000000001,4,0.05,4.5,Liam O'Connor,3,Mid-High
CUST-1472,113.47,88.83,3,0.11666666666666665,7.333333333333333,Fatima Noor,2,Low-Value
CUST-1473,51.33,41.11,2,0.075,7.0,John Smith,0,Mid-Low
CUST-1474,321.26,389.81,3,0.11666666666666665,4.333333333333333,John Smith,2,Low-Value
CUST-1475,1004.6600000000001,651.72,6,0.05000000000000001,3.1666666666666665,Priya Patel,3,Mid-High
CUST-1476,1335.1100000000001,769.84,4,0.11249999999999999,5.25,Aisha Khan,3,Mid-High
CUST-1477,511.84999999999997,-32.760000000000005,6,0.16666666666666666,3.8333333333333335,Aisha Khan,3,Mid-High
CUST-1478,347.63,175.34,4,0.0,2.75,Priya Patel,0,Mid-Low
CUST-1479,707.91,347.09000000000003,2,0.1,5.0,  John Smith,2,Low-Value
CUST-1480,1811.52,1687.58,5,0.05,4.0,Priya Patel,1,High-Value
CUST-1481,98.98,192.18,2,0.05,5.5,  John Smith,0,Mid-Low
CUST-1482,425.01,164.7,5,0.06999999999999999,5.2,Aisha Khan,3,Mid-High
CUST-1483,689.46,545.41,4,0.0625,5.75,  John Smith,3,Mid-High
CUST-1484,1061.21,1111.6399999999999,4,0.0,5.25,Wei Chen,1,High-Value
CUST-1485,577.02,105.15,3,0.16666666666666666,1.3333333333333333,David O'Brien,2,Low-Value
CUST-1486,43.42,1.18,1,0.15,5.0,  John Smith,2,Low-Value
CUST-1487,868.67,-234.83,1,0.2,4.0,John Smith,2,Low-Value
CUST-1488,906.54,1043.32,4,0.07500000000000001,3.25,Liam O'Connor,3,Mid-High
CUST-1491,428.34,222.35,3,0.03333333333333333,4.666666666666667,John Smith,0,Mid-Low
CUST-1492,617.76,-324.12,2,0.1,5.0,  John Smith,2,Low-Value
CUST-1493,85.77,22.189999999999998,2,0.0,4.0,Priya Patel,0,Mid-Low
CUST-1494,1570.18,777.36,4,0.05,4.25,Aisha Khan,1,High-Value
CUST-1495,257.34999999999997,301.53,2,0.075,7.5,  John Smith,0,Mid-Low
CUST-1496,45.67,403.31,4,0.05,6.75,Maria Garcia ,0,Mid-Low
CUST-1497,1414.1,2838.45,9,0.011111111111111112,4.666666666666667,Priya Patel,1,High-Value
CUST-1498,61.529999999999994,-3.92,2,0.1,6.5,Wei Chen,2,Low-Value
CUST-1499,1069.44,957.05,5,0.09166666666666667,5.0,Liam O'Connor,3,Mid-High
CUST-1500,364.76,776.21,5,0.06666666666666667,6.166666666666667,David O'Brien,3,Mid-High
CUST-1501,275.5,546.3,1,0.0,9.0,David O'Brien,0,Mid-Low
CUST-1502,760.23,936.27,3,0.06666666666666667,3.6666666666666665,Maria Garcia ,3,Mid-High
CUST-1503,4.01,0.07,1,0.15,3.0,Wei Chen,2,Low-Value
CUST-1504,417.33000000000004,46.980000000000004,4,0.0,4.75,Liam O'Connor,0,Mid-Low
CUST-1505,39.96,3.28,1,0.2,1.0,Maria Garcia ,2,Low-Value
CUST-1506,84.32,59.760000000000005,2,0.1,3.5,  John Smith,2,Low-Value
CUST-1507,197.0,262.36,2,0.05,2.5,  John Smith,0,Mid-Low
CUST-1508,1016.17,2333.9799999999996,6,0.016666666666666666,4.333333333333333,David O'Brien,1,High-Value
CUST-1509,121.86999999999999,32.19,3,0.03333333333333333,3.6666666666666665,  John Smith,0,Mid-Low
CUST-1511,111.03,182.95000000000002,2,0.1,4.5,Fatima Noor,2,Low-Value
CUST-1512,790.9,645.2600000000001,4,0.1,2.5,David O'Brien,3,Mid-High
CUST-1513,191.53,116.73,1,0.1,3.0,Aisha Khan,2,Low-Value
CUST-1514,635.0,385.76,3,0.08333333333333333,2.6666666666666665,John Smith,3,Mid-High
CUST-1515,671.63,-18.49,3,0.03333333333333333,3.6666666666666665,Liam O'Connor,0,Mid-Low
CUST-1516,1123.71,3075.25,3,0.08333333333333333,6.666666666666667,Maria Garcia ,1,High-Value
CUST-1517,500.74,33.66,3,0.09999999999999999,7.333333333333333,  John Smith,2,Low-Value
CUST-1518,1467.01,1361.25,6,0.05000000000000001,7.166666666666667,Priya Patel,1,High-Value
CUST-1519,1126.74,90.87,2,0.125,3.5,David O'Brien,2,Low-Value
CUST-1520,648.65,779.0999999999999,3,0.05,5.5,David O'Brien,3,Mid-High
CUST-1521,773.49,1131.95,7,0.03571428571428571,6.142857142857143,Maria Garcia ,3,Mid-High
CUST-1522,26.64,-14.03,1,0.0,6.0,,0,Mid-Low
CUST-1523,355.55,127.16,5,0.03,5.2,John Smith,3,Mid-High
CUST-1524,85.79,25.869999999999997,3,0.049999999999999996,4.333333333333333,Aisha Khan,0,Mid-Low
CUST-1525,316.69,173.58999999999997,4,0.0,6.0,Maria Garcia ,0,Mid-Low
CUST-1526,411.67,105.69999999999999,3,0.11666666666666665,5.0,Aisha Khan,2,Low-Value
CUST-1527,873.8000000000001,318.32000000000005,4,0.025,5.0,Liam O'Connor,3,Mid-High
CUST-1528,500.6,464.44000000000005,4,0.025,6.5,Fatima Noor,3,Mid-High
CUST-1529,200.51,98.54,4,0.05,4.0,David O'Brien,0,Mid-Low
CUST-1530,595.87,594.8,4,0.05,4.75,Fatima Noor,3,Mid-High
CUST-1531,1541.3899999999999,1836.4899999999998,5,0.02,5.4,Maria Garcia ,1,High-Value
CUST-1532,413.13,493.84,7,0.02142857142857143,5.285714285714286,John Smith,3,Mid-High
CUST-1533,401.89000000000004,286.26,5,0.06000000000000001,5.0,John Smith,3,Mid-High
CUST-1534,500.54,559.48,3,0.11666666666666665,7.666666666666667,Fatima Noor,2,Low-Value
CUST-1535,378.67999999999995,537.4,2,0.0,7.0,Maria Garcia ,0,Mid-Low
CUST-1536,984.61,1000.83,4,0.1,3.75,Fatima Noor,3,Mid-High
CUST-1538,806.0899999999999,-62.85000000000001,4,0.075,5.75,Wei Chen,3,Mid-High
CUST-1539,275.41,343.44,4,0.025,3.75,Aisha Khan,0,Mid-Low
CUST-1542,274.84,237.73999999999998,4,0.025,5.25,Maria Garcia ,0,Mid-Low
CUST-1543,590.0799999999999,1582.2,2,0.0,6.0,Maria Garcia ,0,Mid-Low
CUST-1544,596.27,428.69,6,0.0,4.857142857142857,Wei Chen,3,Mid-High
CUST-1545,713.85,881.08,5,0.04,5.2,Liam O'Connor,3,Mid-High
CUST-1546,15.91,8.26,1,0.1,1.0,Liam O'Connor,2,Low-Value
CUST-1547,253.27,192.56,6,0.15,4.5,David O'Brien,3,Mid-High
CUST-1548,785.8299999999999,590.37,3,0.0,3.0,Liam O'Connor,0,Mid-Low
CUST-1549,199.84,120.03,2,0.075,3.5,Priya Patel,0,Mid-Low
CUST-1550,412.19,34.989999999999995,3,0.09999999999999999,5.333333333333333,Fatima Noor,2,Low-Value
CUST-1551,514.5899999999999,655.92,3,0.08333333333333333,6.0,Fatima Noor,3,Mid-High
CUST-1552,222.84,-237.26,3,0.19999999999999998,7.333333333333333,John Smith,2,Low-Value
CUST-1553,787.29,653.03,4,0.0375,5.5,John Smith,3,Mid-High
CUST-1554,219.51,19.05,4,0.07500000000000001,3.5,Fatima Noor,0,Mid-Low
CUST-1555,712.5600000000001,717.0,3,0.10000000000000002,6.666666666666667,Liam O'Connor,3,Mid-High
CUST-1556,2309.9,3850.2,3,0.10000000000000002,5.333333333333333,  John Smith,1,High-Value
CUST-1557,141.88,180.06,3,0.11666666666666665,4.0,Liam O'Connor,2,Low-Value
CUST-1558,92.62,24.009999999999998,2,0.0,5.5,John Smith,0,Mid-Low
CUST-1559,627.55,544.8299999999999,6,0.05833333333333333,4.666666666666667,Liam O'Connor,3,Mid-High
CUST-1560,916.63,1171.4299999999998,4,0.1,6.5,John Smith,3,Mid-High
CUST-1561,657.06,-375.56,1,0.3,3.0,Maria Garcia ,2,Low-Value
CUST-1562,1144.9299999999998,1105.09,3,0.049999999999999996,2.3333333333333335,Aisha Khan,1,High-Value
CUST-1564,892.75,102.73,3,0.09999999999999999,3.6666666666666665,  John Smith,3,Mid-High
CUST-1565,1039.66,993.0,7,0.014285714285714287,7.0,Priya Patel,3,Mid-High
CUST-1567,647.34,256.88,3,0.09999999999999999,4.666666666666667,Wei Chen,3,Mid-High
CUST-1568,451.02,634.5600000000001,4,0.05,6.5,David O'Brien,3,Mid-High
CUST-1569,303.32,150.6,4,0.1625,4.25,  John Smith,2,Low-Value
CUST-1570,319.73,80.12,3,0.0,3.6666666666666665,  John Smith,0,Mid-Low
CUST-1571,126.7,99.06,3,0.0,6.333333333333333,Wei Chen,0,Mid-Low
CUST-1572,608.71,-27.08,3,0.08333333333333333,5.666666666666667,Priya Patel,3,Mid-High
CUST-1573,756.5,236.65,6,0.10833333333333334,5.666666666666667,Fatima Noor,3,Mid-High
CUST-1574,319.65,115.84,4,0.0625,5.0,Aisha Khan,3,Mid-High
CUST-1575,1874.5300000000002,1545.39,4,0.0,5.5,Aisha Khan,1,High-Value
CUST-1576,12.87,-5.46,1,0.0,7.0,Fatima Noor,0,Mid-Low
CUST-1577,338.2,176.57999999999998,3,0.10000000000000002,6.0,Aisha Khan,2,Low-Value
CUST-1578,661.01,673.78,3,0.049999999999999996,4.0,David O'Brien,3,Mid-High
CUST-1579,320.51,112.14,3,0.10000000000000002,2.6666666666666665,Fatima Noor,2,Low-Value
CUST-1580,276.0,119.57,2,0.2,5.5,  John Smith,2,Low-Value
CUST-1581,1282.1,538.45,9,0.03888888888888889,4.666666666666667,  John Smith,3,Mid-High
CUST-1582,457.29,470.31,2,0.0,5.0,Aisha Khan,0,Mid-Low
CUST-1583,126.77,110.50999999999999,2,0.0,4.5,Aisha Khan,0,Mid-Low
CUST-1584,376.48,349.09,1,0.0,4.0,,0,Mid-Low
CUST-1585,1047.06,2189.31,5,0.1,5.0,David O'Brien,1,High-Value
CUST-1586,141.99,345.48,3,0.0,5.0,Fatima Noor,0,Mid-Low
CUST-1587,544.12,312.63,2,0.2,4.5,David O'Brien,2,Low-Value
CUST-1588,307.84,20.54,2,0.075,5.5,Liam O'Connor,0,Mid-Low
CUST-1589,90.84,100.03,1,0.0,6.0,Aisha Khan,0,Mid-Low
CUST-1590,490.76,1187.23,2,0.2,4.0,  John Smith,2,Low-Value
CUST-1591,1317.43,456.90999999999997,3,0.03333333333333333,8.0,Priya Patel,3,Mid-High
CUST-1592,799.87,483.84,3,0.09999999999999999,3.3333333333333335,Priya Patel,3,Mid-High
CUST-1593,524.38,492.17,2,0.05,5.0,Aisha Khan,0,Mid-Low
CUST-1594,919.51,1750.43,6,0.0,5.0,Liam O'Connor,1,High-Value
CUST-1595,25.31,64.74,1,0.0,7.0,Priya Patel,0,Mid-Low
CUST-1596,52.65,10.5,1,0.0,2.0,David O'Brien,0,Mid-Low
CUST-1597,774.55,329.91,4,0.075,2.5,Liam O'Connor,3,Mid-High
CUST-1598,27.23,11.09,1,0.2,6.0,Fatima Noor,2,Low-Value
CUST-1600,780.23,44.51,1,0.0,1.0,Liam O'Connor,0,Mid-Low
CUST-1601,2265.84,24.20999999999998,5,0.08,4.6,  John Smith,3,Mid-High
CUST-1602,701.11,239.23000000000002,6,0.024999999999999998,5.333333333333333,John Smith,3,Mid-High
CUST-1603,382.09000000000003,320.96999999999997,4,0.025,3.75,Liam O'Connor,0,Mid-Low
CUST-1604,134.68,3.76,2,0.0,3.0,Aisha Khan,0,Mid-Low
CUST-1605,490.67,178.12,3,0.03333333333333333,3.3333333333333335,Liam O'Connor,0,Mid-Low
CUST-1606,851.9,761.7,6,0.03333333333333333,6.0,Liam O'Connor,3,Mid-High
CUST-1607,569.9300000000001,88.7,3,0.03333333333333333,7.666666666666667,Liam O'Connor,0,Mid-Low
CUST-1608,1683.01,1272.25,6,0.024999999999999998,5.166666666666667,Priya Patel,1,High-Value
CUST-1609,158.28,154.46999999999997,3,0.049999999999999996,3.0,Maria Garcia ,0,Mid-Low
CUST-1610,195.28,67.27,2,0.075,3.5,David O'Brien,0,Mid-Low
CUST-1611,608.22,791.44,2,0.0,3.5,Fatima Noor,0,Mid-Low
CUST-1612,518.3100000000001,733.1700000000001,4,0.07500000000000001,4.75,Liam O'Connor,3,Mid-High
CUST-1613,799.74,99.08999999999997,4,0.125,2.75,Aisha Khan,3,Mid-High
CUST-1614,1132.6799999999998,547.85,3,0.10000000000000002,2.0,Priya Patel,3,Mid-High
CUST-1615,181.08,-48.790000000000006,3,0.03333333333333333,2.3333333333333335,Fatima Noor,0,Mid-Low
CUST-1616,1242.55,387.11,5,0.11000000000000001,6.6,John Smith,3,Mid-High
CUST-1617,437.45000000000005,-7.609999999999999,3,0.06666666666666667,1.3333333333333333,  John Smith,0,Mid-Low
CUST-1618,72.18,84.33,2,0.0,6.5,Priya Patel,0,Mid-Low
CUST-1619,208.84,332.8,3,0.0,8.0,  John Smith,0,Mid-Low
CUST-1620,301.35,337.47999999999996,4,0.0375,5.0,Fatima Noor,0,Mid-Low
CUST-1621,43.22,9.7,1,0.3,3.0,Priya Patel,2,Low-Value
CUST-1622,177.01,94.03999999999999,2,0.1,1.5,  John Smith,2,Low-Value
CUST-1623,316.85999999999996,-22.439999999999998,2,0.15,4.0,John Smith,2,Low-Value
CUST-1624,590.9799999999999,846.18,3,0.09999999999999999,5.0,Liam O'Connor,3,Mid-High
CUST-1625,717.4200000000001,1025.49,5,0.04,5.2,Aisha Khan,3,Mid-High
CUST-1626,662.5699999999999,116.11999999999998,8,0.09375,4.5,Aisha Khan,3,Mid-High
CUST-1627,281.23,-1.1599999999999984,2,0.175,1.5,Fatima Noor,2,Low-Value
CUST-1628,813.37,331.88,2,0.05,3.0,Priya Patel,0,Mid-Low
CUST-1629,870.64,2062.9,5,0.06,6.2,  John Smith,1,High-Value
CUST-1630,114.86,146.92000000000002,2,0.125,8.0,  John Smith,2,Low-Value
CUST-1631,377.93,678.6,3,0.0,7.0,Maria Garcia ,0,Mid-Low
CUST-1632,1136.48,134.98999999999998,7,0.03571428571428571,5.142857142857143,Maria Garcia ,3,Mid-High
CUST-1633,44.87,143.89,2,0.05,7.5,Priya Patel,0,Mid-Low
CUST-1634,1367.99,1070.74,3,0.03333333333333333,4.666666666666667,David O'Brien,1,High-Value
CUST-1635,44.79,29.55,1,0.0,2.0,Fatima Noor,0,Mid-Low
CUST-1636,64.04,-79.49,1,0.3,7.0,Maria Garcia ,2,Low-Value
CUST-1637,438.07,237.59,3,0.03333333333333333,4.0,Priya Patel,0,Mid-Low
CUST-1638,248.82999999999998,334.37,3,0.0,4.0,Fatima Noor,0,Mid-Low
CUST-1639,620.63,1360.6299999999999,2,0.0,8.0,  John Smith,0,Mid-Low
CUST-1640,235.82999999999998,4.019999999999996,2,0.075,6.5,Wei Chen,0,Mid-Low
CUST-1641,691.86,485.46999999999997,2,0.0,3.5,Priya Patel,0,Mid-Low
CUST-1642,693.27,462.32,2,0.1,3.5,Priya Patel,2,Low-Value
CUST-1643,682.28,446.40000000000003,3,0.11666666666666665,6.0,David O'Brien,2,Low-Value
CUST-1644,379.66,214.78,5,0.09,5.4,Priya Patel,3,Mid-High
CUST-1645,365.9,56.75,4,0.0,5.5,Maria Garcia ,0,Mid-Low
CUST-1646,323.12,-31.810000000000002,3,0.13333333333333333,4.666666666666667,John Smith,2,Low-Value
CUST-1647,632.8,86.82000000000001,6,0.05833333333333333,4.666666666666667,Liam O'Connor,3,Mid-High
CUST-1649,760.53,544.19,3,0.03333333333333333,4.666666666666667,Aisha Khan,3,Mid-High
CUST-1650,123.75,354.9,4,0.0875,7.0,John Smith,3,Mid-High
CUST-1651,1168.2099999999998,-245.43,2,0.15,3.0,Liam O'Connor,2,Low-Value
CUST-1652,28.21,52.66,1,0.0,8.0,  John Smith,0,Mid-Low
CUST-1653,38.09,43.93,1,0.1,8.0,David O'Brien,2,Low-Value
CUST-1654,127.57,45.17,5,0.08,6.6,  John Smith,3,Mid-High
CUST-1655,49.84,12.73,2,0.1,3.5,Priya Patel,2,Low-Value
CUST-1656,522.26,498.19,3,0.03333333333333333,3.3333333333333335,Maria Garcia ,0,Mid-Low
CUST-1657,1375.02,1300.69,6,0.075,3.1666666666666665,David O'Brien,1,High-Value
CUST-1658,471.82,107.38,2,0.15000000000000002,5.0,Aisha Khan,2,Low-Value
CUST-1659,76.97999999999999,35.230000000000004,3,0.0,6.333333333333333,Wei Chen,0,Mid-Low
CUST-1660,1621.66,2021.1299999999999,5,0.06,7.0,Wei Chen,1,High-Value
CUST-1661,527.74,356.18,4,0.05,4.5,Maria Garcia ,3,Mid-High
CUST-1662,88.18,72.49,1,0.1,9.0,David O'Brien,2,Low-Value
CUST-1663,817.62,938.5400000000001,6,0.075,6.0,  John Smith,3,Mid-High
CUST-1664,664.4100000000001,870.4100000000001,2,0.15,7.0,John Smith,2,Low-Value
CUST-1665,146.14000000000001,115.72,4,0.07500000000000001,5.0,Priya Patel,0,Mid-Low
CUST-1666,98.04,59.010000000000005,2,0.0,3.0,John Smith,0,Mid-Low
CUST-1667,871.8399999999999,779.37,3,0.15,2.6666666666666665,Aisha Khan,2,Low-Value
CUST-1668,519.05,438.06,3,0.0,6.666666666666667,Fatima Noor,0,Mid-Low
CUST-1669,1282.48,-158.57999999999998,4,0.09999999999999999,4.5,Aisha Khan,3,Mid-High
CUST-1670,313.21,18.6,2,0.05,2.5,Fatima Noor,0,Mid-Low
CUST-1671,321.59000000000003,104.68,2,0.075,5.5,Liam O'Connor,0,Mid-Low
CUST-1672,736.74,1479.6699999999998,2,0.0,5.0,David O'Brien,0,Mid-Low
CUST-1673,356.3,329.6,4,0.075,4.25,  John Smith,3,Mid-High
CUST-1674,147.0,238.91,2,0.1,7.0,  John Smith,2,Low-Value
CUST-1675,963.29,228.87,5,0.13,4.6,David O'Brien,3,Mid-High
CUST-1676,413.24,927.4,3,0.09999999999999999,8.333333333333334,Wei Chen,3,Mid-High
CUST-1677,531.9,468.14,3,0.049999999999999996,4.333333333333333,Priya Patel,0,Mid-Low
CUST-1678,475.07000000000005,222.04,3,0.06666666666666667,6.0,Priya Patel,0,Mid-Low
CUST-1679,498.98,-21.710000000000008,2,0.175,4.0,John Smith,2,Low-Value
CUST-1680,114.97,21.249999999999996,3,0.0,7.0,Aisha Khan,0,Mid-Low
CUST-1681,718.4499999999999,-20.419999999999998,4,0.125,6.75,John Smith,3,Mid-High
CUST-1682,286.61,-43.519999999999996,2,0.0,6.0,John Smith,0,Mid-Low
CUST-1683,1543.0499999999997,1629.29,5,0.06,3.8,Liam O'Connor,1,High-Value
CUST-1684,462.29999999999995,50.63,3,0.03333333333333333,4.333333333333333,Maria Garcia ,0,Mid-Low
CUST-1685,613.41,1083.1799999999998,2,0.0,7.0,Priya Patel,0,Mid-Low
CUST-1686,574.24,472.87,2,0.15000000000000002,3.5,Maria Garcia ,2,Low-Value
CUST-1687,239.62,188.36,3,0.0,4.0,John Smith,0,Mid-Low
CUST-1688,571.89,943.23,2,0.0,8.5,Fatima Noor,0,Mid-Low
CUST-1689,864.1999999999999,358.15000000000003,2,0.0,4.5,Priya Patel,0,Mid-Low
CUST-1690,516.2800000000001,420.13,3,0.09999999999999999,7.666666666666667,Priya Patel,2,Low-Value
CUST-1691,224.86,195.89,3,0.18333333333333332,5.0,Wei Chen,2,Low-Value
CUST-1692,350.61,458.23,5,0.12,6.4,Fatima Noor,3,Mid-High
CUST-1693,226.82999999999998,47.390000000000015,2,0.0,4.0,John Smith,0,Mid-Low
CUST-1694,57.05,-7.14,1,0.1,2.0,Wei Chen,2,Low-Value
CUST-1695,344.16,638.24,5,0.04,7.6,  John Smith,3,Mid-High
CUST-1696,902.5500000000001,-497.22999999999996,4,0.025,6.75,Fatima Noor,3,Mid-High
CUST-1697,859.6099999999999,1868.15,8,0.09375,6.0,John Smith,1,High-Value
CUST-1698,57.95,42.6,1,0.1,9.0,David O'Brien,2,Low-Value
CUST-1699,7.28,2.62,1,0.0,2.0,John Smith,0,Mid-Low
CUST-1700,14.45,21.74,1,0.0,7.0,Fatima Noor,0,Mid-Low
CUST-1701,208.61,79.68,2,0.075,5.5,Maria Garcia ,0,Mid-Low
CUST-1702,1919.65,548.31,4,0.11249999999999999,4.5,Priya Patel,1,High-Value
CUST-1703,1284.26,371.33,3,0.049999999999999996,6.0,Fatima Noor,3,Mid-High
CUST-1704,347.24,781.98,4,0.0875,6.5,Maria Garcia ,3,Mid-High
CUST-1705,596.31,29.089999999999996,3,0.06666666666666667,6.0,Aisha Khan,0,Mid-Low
CUST-1706,163.93,40.46,4,0.05,5.75,  John Smith,0,Mid-Low
CUST-1707,30.91,-23.0,1,0.2,8.0,Liam O'Connor,2,Low-Value
CUST-1708,32.06,20.87,2,0.05,3.5,Liam O'Connor,0,Mid-Low
CUST-1709,101.56,87.9,1,0.1,4.0,,2,Low-Value
CUST-1710,432.40999999999997,133.93,2,0.075,4.5,Aisha Khan,0,Mid-Low
CUST-1711,123.57,130.07,2,0.1,6.0,Aisha Khan,2,Low-Value
CUST-1712,146.13,53.16,4,0.125,5.0,John Smith,2,Low-Value
CUST-1713,709.01,122.57,3,0.049999999999999996,2.3333333333333335,Priya Patel,0,Mid-Low
CUST-1714,397.01,977.62,3,0.03333333333333333,5.0,Priya Patel,0,Mid-Low
CUST-1715,964.72,873.13,6,0.03333333333333333,4.666666666666667,Maria Garcia ,3,Mid-High
CUST-1716,55.56,9.44,1,0.1,3.0,Priya Patel,2,Low-Value
CUST-1717,591.66,497.62,2,0.075,2.5,Maria Garcia ,0,Mid-Low
CUST-1718,134.35000000000002,112.61,2,0.0,2.5,Wei Chen,0,Mid-Low
CUST-1720,634.48,390.88,3,0.0,4.333333333333333,Wei Chen,0,Mid-Low
CUST-1721,576.59,727.98,3,0.0,5.333333333333333,Maria Garcia ,0,Mid-Low
CUST-1722,4.89,1.77,1,0.0,2.0,Fatima Noor,0,Mid-Low
CUST-1723,1208.6399999999999,387.23,5,0.04,5.2,Maria Garcia ,3,Mid-High
CUST-1724,450.12,630.71,3,0.10000000000000002,5.0,Fatima Noor,2,Low-Value
CUST-1725,401.31,1064.71,4,0.05,7.5,Maria Garcia ,3,Mid-High
CUST-1726,33.28,18.68,1,0.15,8.0,Fatima Noor,2,Low-Value
CUST-1727,710.27,121.95,5,0.05,1.4,Aisha Khan,3,Mid-High
CUST-1728,417.37,665.6,4,0.025,5.25,Fatima Noor,3,Mid-High
CUST-1729,151.5,4.930000000000001,4,0.075,1.25,David O'Brien,0,Mid-Low
CUST-1730,565.82,608.47,3,0.03333333333333333,2.6666666666666665,John Smith,0,Mid-Low
CUST-1731,800.8199999999999,1249.52,4,0.0,4.25,David O'Brien,3,Mid-High
CUST-1732,1270.8400000000001,1073.23,4,0.075,7.75,Wei Chen,1,High-Value
CUST-1733,1007.21,1570.3000000000002,3,0.0,7.666666666666667,Liam O'Connor,1,High-Value
CUST-1734,175.57,-214.68,1,0.3,9.0,Aisha Khan,2,Low-Value
CUST-1735,434.84000000000003,621.53,2,0.1,7.0,,2,Low-Value
CUST-1736,146.27,63.800000000000004,4,0.025,6.75,John Smith,0,Mid-Low
CUST-1737,154.99,141.94,2,0.15,8.5,Maria Garcia ,2,Low-Value
CUST-1739,1280.29,193.94,5,0.1,3.2,David O'Brien,3,Mid-High
CUST-1740,889.27,799.81,5,0.02,5.2,Priya Patel,3,Mid-High
CUST-1741,325.87,-386.27,3,0.15,5.0,Wei Chen,2,Low-Value
CUST-1742,266.34,198.60000000000002,3,0.13333333333333333,6.333333333333333,Maria Garcia ,2,Low-Value
CUST-1744,70.91,25.689999999999998,2,0.15,2.5,David O'Brien,2,Low-Value
CUST-1746,632.5,268.59,4,0.0875,5.0,John Smith,3,Mid-High
CUST-1747,177.56,-12.980000000000004,3,0.03333333333333333,4.0,  John Smith,0,Mid-Low
CUST-1748,199.56,3.49,1,0.2,5.0,  John Smith,2,Low-Value
CUST-1749,1220.99,665.13,5,0.0,3.0,Priya Patel,3,Mid-High
CUST-1750,89.3,0.47999999999999954,2,0.075,2.5,Aisha Khan,0,Mid-Low
CUST-1751,1263.69,653.3299999999999,4,0.0375,3.5,John Smith,3,Mid-High
CUST-1752,20.54,7.83,1,0.0,5.0,Maria Garcia ,0,Mid-Low
CUST-1753,408.73,627.96,5,0.0,6.2,Priya Patel,3,Mid-High
CUST-1754,648.69,254.28,4,0.07500000000000001,4.0,Maria Garcia ,3,Mid-High
CUST-1755,101.04,108.16000000000001,5,0.12000000000000002,4.4,John Smith,3,Mid-High
CUST-1756,941.5400000000001,1003.2900000000001,3,0.09999999999999999,6.333333333333333,John Smith,3,Mid-High
CUST-1757,573.96,238.33,4,0.025,4.5,Wei Chen,3,Mid-High
CUST-1758,430.63,-675.37,2,0.1,7.0,Wei Chen,2,Low-Value
CUST-1759,1878.3200000000002,5038.740000000001,4,0.1625,8.5,Aisha Khan,1,High-Value
CUST-1760,89.21,-0.629999999999999,2,0.05,4.0,Maria Garcia ,0,Mid-Low
CUST-1761,988.64,1294.25,6,0.049999999999999996,7.0,Fatima Noor,1,High-Value
CUST-1762,234.8,683.9399999999999,2,0.0,5.0,David O'Brien,0,Mid-Low
CUST-1763,171.32999999999998,-80.33,2,0.2,5.0,,2,Low-Value
CUST-1764,297.21000000000004,84.68,4,0.0375,4.25,Priya Patel,0,Mid-Low
CUST-1765,645.29,1270.0,4,0.0,5.0,Priya Patel,3,Mid-High
CUST-1766,238.27,228.8,3,0.08333333333333333,5.333333333333333,Wei Chen,0,Mid-Low
CUST-1768,1503.1000000000001,362.69,3,0.03333333333333333,6.333333333333333,Maria Garcia ,3,Mid-High
CUST-1769,253.87,105.4,2,0.15,3.6666666666666665,Priya Patel,2,Low-Value
CUST-1770,199.46,105.59,1,0.0,2.0,Priya Patel,0,Mid-Low
CUST-1772,183.17000000000002,439.01,2,0.0,5.5,,0,Mid-Low
CUST-1773,460.47,552.63,2,0.0,4.5,Aisha Khan,0,Mid-Low
CUST-1774,191.59,199.24,5,0.04,5.2,Priya Patel,3,Mid-High
CUST-1775,1359.51,467.13,4,0.05,4.75,David O'Brien,3,Mid-High
CUST-1777,787.5,761.9000000000001,4,0.075,5.0,Fatima Noor,3,Mid-High
CUST-1778,519.01,157.93,5,0.06999999999999999,4.4,  John Smith,3,Mid-High
CUST-1779,392.38,28.189999999999998,2,0.05,1.5,John Smith,0,Mid-Low
CUST-1780,90.98,27.95,2,0.0,1.5,David O'Brien,0,Mid-Low
CUST-1781,963.89,998.66,6,0.016666666666666666,6.0,Maria Garcia ,3,Mid-High
CUST-1782,138.14,102.06,5,0.06000000000000001,7.2,  John Smith,3,Mid-High
CUST-1783,79.15,54.3,3,0.0,3.6666666666666665,Fatima Noor,0,Mid-Low
CUST-1784,574.0400000000001,59.85000000000001,4,0.0375,5.25,Maria Garcia ,3,Mid-High
CUST-1785,1178.0900000000001,490.47,5,0.08,7.8,Priya Patel,3,Mid-High
CUST-1786,65.41,9.120000000000001,2,0.0,2.5,Fatima Noor,0,Mid-Low
CUST-1787,440.59,628.17,1,0.0,9.0,,0,Mid-Low
CUST-1788,664.95,504.15000000000003,3,0.0,2.6666666666666665,John Smith,0,Mid-Low
CUST-1789,802.27,241.88,4,0.0625,5.25,John Smith,3,Mid-High
CUST-1790,1297.8,1144.0700000000002,9,0.065,6.0,Maria Garcia ,1,High-Value
CUST-1791,40.15,15.99,1,0.0,2.0,Maria Garcia ,0,Mid-Low
CUST-1792,477.55999999999995,396.93,4,0.125,5.0,David O'Brien,3,Mid-High
CUST-1793,410.32,402.74,4,0.125,5.5,Liam O'Connor,3,Mid-High
CUST-1794,1840.7,1236.12,4,0.0375,6.5,Fatima Noor,1,High-Value
CUST-1795,191.45,177.34,3,0.03333333333333333,7.333333333333333,Liam O'Connor,0,Mid-Low
CUST-1796,475.67999999999995,211.76,5,0.03,5.8,David O'Brien,3,Mid-High
CUST-1798,170.04999999999998,312.22999999999996,2,0.0,4.5,Liam O'Connor,0,Mid-Low
CUST-1799,537.72,126.75999999999999,3,0.09999999999999999,4.0,David O'Brien,2,Low-Value
CUST-1800,597.12,372.86,3,0.06666666666666667,3.6666666666666665,Fatima Noor,3,Mid-High
CUST-1801,38.24,15.98,1,0.0,1.0,Aisha Khan,0,Mid-Low
CUST-1804,979.4499999999999,409.96999999999997,4,0.07500000000000001,4.25,Priya Patel,3,Mid-High
CUST-1805,68.81,10.98,2,0.05,5.5,Wei Chen,0,Mid-Low
CUST-1806,439.17,589.1500000000001,3,0.049999999999999996,4.0,  John Smith,0,Mid-Low
CUST-1807,363.13,813.3199999999999,3,0.16666666666666666,8.0,John Smith,2,Low-Value
CUST-1808,147.23000000000002,158.31,2,0.05,5.0,Fatima Noor,0,Mid-Low
CUST-1809,1426.53,190.1300000000001,4,0.15,5.0,Wei Chen,3,Mid-High
CUST-1810,18.6,11.35,1,0.1,6.0,Fatima Noor,2,Low-Value
CUST-1811,447.74,214.0,5,0.0,3.2,John Smith,3,Mid-High
CUST-1812,2069.86,3907.73,3,0.06666666666666667,5.333333333333333,Aisha Khan,1,High-Value
CUST-1813,1455.17,1084.16,3,0.16666666666666666,6.0,  John Smith,1,High-Value
CUST-1814,1308.21,263.19000000000005,4,0.0,6.0,  John Smith,3,Mid-High
CUST-1815,155.58,-0.23,1,0.3,2.0,Maria Garcia ,2,Low-Value
CUST-1816,1347.17,2258.81,4,0.025,5.0,Liam O'Connor,1,High-Value
CUST-1817,186.07,310.3,4,0.125,6.75,Liam O'Connor,2,Low-Value
CUST-1818,1738.92,387.87,6,0.03333333333333333,5.0,Aisha Khan,3,Mid-High
CUST-1819,834.6500000000001,15.3,3,0.0,6.666666666666667,Priya Patel,0,Mid-Low
CUST-1821,165.82999999999998,134.24,3,0.09999999999999999,5.333333333333333,Maria Garcia ,2,Low-Value
CUST-1822,226.92,207.14,3,0.11666666666666665,5.0,Priya Patel,2,Low-Value
CUST-1823,241.97,249.01,6,0.016666666666666666,4.666666666666667,Maria Garcia ,3,Mid-High
CUST-1824,1616.3,812.93,7,0.1357142857142857,3.857142857142857,John Smith,1,High-Value
CUST-1825,498.45000000000005,148.97,4,0.0,4.75,Liam O'Connor,0,Mid-Low
CUST-1826,102.71,90.95,3,0.03333333333333333,6.0,  John Smith,0,Mid-Low
CUST-1827,248.29,673.51,3,0.0,6.0,Aisha Khan,0,Mid-Low
CUST-1828,659.4499999999999,225.28,2,0.05,4.5,Liam O'Connor,0,Mid-Low
CUST-1829,500.65,9.67,1,0.0,2.0,Liam O'Connor,0,Mid-Low
CUST-1830,8.32,2.81,1,0.15,7.0,David O'Brien,2,Low-Value
CUST-1831,148.88,70.15,5,0.09,4.8,Maria Garcia ,3,Mid-High
CUST-1832,499.05,143.24,5,0.06999999999999999,5.8,Liam O'Connor,3,Mid-High
CUST-1833,341.52,38.47,5,0.04,3.8,Wei Chen,3,Mid-High
CUST-1834,496.19,1112.6200000000001,5,0.04,6.8,Liam O'Connor,3,Mid-High
CUST-1835,758.5699999999999,928.56,5,0.04,5.0,Wei Chen,3,Mid-High
CUST-1836,835.35,-318.95,4,0.05,4.5,John Smith,3,Mid-High
CUST-1837,947.46,57.93999999999997,4,0.15000000000000002,4.75,John Smith,3,Mid-High
CUST-1838,2143.26,2392.84,5,0.06000000000000001,5.8,Priya Patel,1,High-Value
CUST-1839,166.68,112.55,4,0.05,5.25,Aisha Khan,0,Mid-Low
CUST-1840,482.13,763.0699999999999,3,0.03333333333333333,4.0,John Smith,0,Mid-Low
CUST-1842,119.23000000000002,-66.12,3,0.09999999999999999,5.666666666666667,Liam O'Connor,2,Low-Value
CUST-1843,86.22999999999999,-28.23,2,0.05,6.0,  John Smith,0,Mid-Low
CUST-1844,631.33,112.31,2,0.0,4.0,Aisha Khan,0,Mid-Low
CUST-1845,278.04,232.49,1,0.2,8.0,,2,Low-Value
CUST-1846,652.9200000000001,282.39,3,0.0,5.0,Liam O'Connor,0,Mid-Low
CUST-1847,244.57,178.09,6,0.075,3.0,Priya Patel,3,Mid-High
CUST-1848,607.81,657.72,1,0.1,5.0,David O'Brien,2,Low-Value
CUST-1849,110.85,138.07999999999998,3,0.06666666666666667,7.333333333333333,David O'Brien,0,Mid-Low
CUST-1850,889.5799999999999,301.51,4,0.05,3.5,Maria Garcia ,3,Mid-High
CUST-1851,687.0600000000001,573.77,3,0.08333333333333333,2.6666666666666665,John Smith,3,Mid-High
CUST-1852,1022.35,1028.68,2,0.075,5.0,David O'Brien,3,Mid-High
CUST-1853,67.15,10.89,2,0.0,3.0,Wei Chen,0,Mid-Low
CUST-1854,1505.69,900.2099999999999,4,0.08,6.6,Priya Patel,1,High-Value
CUST-1855,296.57,44.93,3,0.06666666666666667,4.0,Priya Patel,0,Mid-Low
CUST-1856,232.69,23.1,1,0.0,4.0,Wei Chen,0,Mid-Low
CUST-1857,379.5,54.19,1,0.0,8.0,Fatima Noor,0,Mid-Low
CUST-1858,104.24,-52.05,1,0.1,4.0,John Smith,2,Low-Value
CUST-1859,783.19,1727.94,2,0.075,7.5,,1,High-Value
CUST-1860,1259.54,1700.24,8,0.0125,4.25,Fatima Noor,1,High-Value
CUST-1861,822.1600000000001,379.25,5,0.11000000000000001,4.4,John Smith,3,Mid-High
CUST-1862,141.78,232.42000000000002,4,0.0,5.0,  John Smith,0,Mid-Low
CUST-1863,1253.62,1089.3000000000002,3,0.03333333333333333,6.333333333333333,Aisha Khan,1,High-Value
CUST-1864,1970.69,1311.85,6,0.09166666666666667,3.8333333333333335,  John Smith,1,High-Value
CUST-1865,55.27,10.24,1,0.2,3.0,,2,Low-Value
CUST-1866,703.19,238.79999999999998,6,0.041666666666666664,2.6666666666666665,  John Smith,3,Mid-High
CUST-1867,523.13,502.38,4,0.0375,4.75,Fatima Noor,3,Mid-High
CUST-1868,618.38,49.5,2,0.0,5.5,Liam O'Connor,0,Mid-Low
CUST-1869,96.67999999999999,250.99,2,0.0,4.5,John Smith,0,Mid-Low
CUST-1870,375.59,159.97,5,0.07999999999999999,5.2,Wei Chen,3,Mid-High
CUST-1871,1443.29,960.3499999999999,3,0.06666666666666667,7.0,Wei Chen,1,High-Value
CUST-1872,401.21,187.59,2,0.0,3.5,Liam O'Connor,0,Mid-Low
CUST-1873,698.17,521.59,5,0.04,4.4,Maria Garcia ,3,Mid-High
CUST-1875,1631.6000000000001,1171.03,6,0.09999999999999999,6.833333333333333,Maria Garcia ,1,High-Value
CUST-1876,78.74000000000001,-8.55,2,0.1,5.5,Fatima Noor,2,Low-Value
CUST-1877,377.61,1217.87,4,0.0375,6.0,Wei Chen,3,Mid-High
CUST-1878,302.69,512.4200000000001,3,0.049999999999999996,5.0,John Smith,0,Mid-Low
CUST-1880,179.24,104.31,5,0.08,3.8,Wei Chen,3,Mid-High
CUST-1881,566.1300000000001,531.64,2,0.1,4.0,Priya Patel,2,Low-Value
CUST-1882,2.79,2.04,1,0.0,9.0,,0,Mid-Low
CUST-1883,99.22,59.2,2,0.0,5.0,Fatima Noor,0,Mid-Low
CUST-1884,440.25,232.06,2,0.1,2.0,Liam O'Connor,2,Low-Value
CUST-1885,1230.28,784.98,3,0.03333333333333333,6.666666666666667,David O'Brien,3,Mid-High
CUST-1886,882.59,612.52,4,0.0375,2.25,John Smith,3,Mid-High
CUST-1888,456.01,350.43,3,0.0,5.0,Priya Patel,0,Mid-Low
CUST-1889,453.57,494.65999999999997,3,0.10000000000000002,4.333333333333333,David O'Brien,2,Low-Value
CUST-1890,157.18,22.369999999999997,3,0.06666666666666667,5.333333333333333,Wei Chen,0,Mid-Low
CUST-1892,1004.47,1233.31,3,0.0,3.6666666666666665,John Smith,1,High-Value
CUST-1893,390.04999999999995,242.26,2,0.05,5.5,Wei Chen,0,Mid-Low
CUST-1894,28.04,14.269999999999998,2,0.075,5.0,  John Smith,0,Mid-Low
CUST-1895,1360.39,1274.28,9,0.045,5.5,John Smith,1,High-Value
CUST-1896,1218.36,1535.23,3,0.049999999999999996,5.666666666666667,David O'Brien,1,High-Value
CUST-1897,57.4,107.1,1,0.0,5.0,Priya Patel,0,Mid-Low
CUST-1898,1134.07,516.6700000000001,7,0.07857142857142858,5.714285714285714,Aisha Khan,3,Mid-High
CUST-1899,101.25,12.26,2,0.0,1.0,Fatima Noor,0,Mid-Low
CUST-1900,541.95,27.25,2,0.1,7.0,  John Smith,2,Low-Value
CUST-1901,938.5,759.4300000000001,3,0.0,6.333333333333333,Priya Patel,3,Mid-High
CUST-1902,485.85,906.39,1,0.0,5.0,  John Smith,0,Mid-Low
CUST-1903,386.69,63.21,3,0.06666666666666667,4.333333333333333,Liam O'Connor,0,Mid-Low
CUST-1904,1036.65,288.11,3,0.10000000000000002,3.0,Maria Garcia ,3,Mid-High
CUST-1905,1732.41,1975.47,5,0.04,4.6,Aisha Khan,1,High-Value
CUST-1906,2039.9099999999999,499.55999999999995,8,0.07500000000000001,4.375,John Smith,1,High-Value
CUST-1907,530.71,396.6,2,0.1,5.0,Liam O'Connor,2,Low-Value
CUST-1908,106.36,78.67,3,0.06666666666666667,5.666666666666667,Priya Patel,0,Mid-Low
CUST-1910,559.75,208.34,4,0.07500000000000001,5.75,Liam O'Connor,3,Mid-High
CUST-1911,485.59,1099.51,4,0.1,6.5,Aisha Khan,3,Mid-High
CUST-1913,248.4,-32.41,1,0.0,8.0,Liam O'Connor,0,Mid-Low
CUST-1914,477.65000000000003,634.81,2,0.05,3.0,Maria Garcia ,0,Mid-Low
CUST-1916,7.41,12.58,1,0.0,9.0,David O'Brien,0,Mid-Low
CUST-1917,181.19,271.62,3,0.0,3.3333333333333335,Fatima Noor,0,Mid-Low
CUST-1918,542.83,94.35000000000001,3,0.09999999999999999,3.3333333333333335,Aisha Khan,2,Low-Value
CUST-1919,439.46000000000004,217.07999999999998,2,0.1,2.0,Maria Garcia ,2,Low-Value
CUST-1920,545.86,52.109999999999985,6,0.09999999999999999,4.833333333333333,Wei Chen,3,Mid-High
CUST-1921,1029.84,-118.06,3,0.16666666666666666,3.0,John Smith,2,Low-Value
CUST-1922,321.21,143.45,4,0.09999999999999999,6.0,Fatima Noor,3,Mid-High
CUST-1923,12.74,15.22,1,0.0,6.0,Maria Garcia ,0,Mid-Low
CUST-1924,792.9100000000001,461.09000000000003,4,0.05,3.75,Maria Garcia ,3,Mid-High
CUST-1925,1777.86,135.39000000000001,6,0.03333333333333333,5.0,Wei Chen,3,Mid-High
CUST-1926,1100.3700000000001,2297.6299999999997,5,0.02,7.2,Aisha Khan,1,High-Value
CUST-1927,560.6,521.88,3,0.06666666666666667,2.3333333333333335,John Smith,3,Mid-High
CUST-1928,353.54999999999995,-202.05,2,0.075,6.5,Maria Garcia ,0,Mid-Low
CUST-1929,223.96,188.55,6,0.016666666666666666,6.166666666666667,Wei Chen,3,Mid-High
CUST-1930,412.9,452.08,5,0.04,5.0,John Smith,3,Mid-High
CUST-1931,1016.1800000000001,193.48,4,0.125,5.5,John Smith,3,Mid-High
CUST-1932,411.71,113.67,2,0.15,2.0,John Smith,2,Low-Value
CUST-1933,888.99,-922.74,3,0.21666666666666667,4.0,Fatima Noor,2,Low-Value
CUST-1934,8.45,0.34,1,0.0,1.0,Priya Patel,0,Mid-Low
CUST-1935,80.94999999999999,31.28,3,0.06666666666666667,4.333333333333333,Liam O'Connor,0,Mid-Low
CUST-1936,45.14,-21.46,2,0.0,5.0,David O'Brien,0,Mid-Low
CUST-1937,437.86,132.06,3,0.11666666666666665,4.0,Maria Garcia ,2,Low-Value
CUST-1938,109.27,4.52,2,0.0,3.5,Maria Garcia ,0,Mid-Low
CUST-1939,440.47,-124.26,1,0.2,2.0,Priya Patel,2,Low-Value
CUST-1940,1457.92,157.33,3,0.09999999999999999,2.3333333333333335,Priya Patel,3,Mid-High
CUST-1941,702.9200000000001,-136.85,5,0.17,6.4,John Smith,3,Mid-High
CUST-1943,1325.06,213.16999999999996,4,0.05,6.75,  John Smith,3,Mid-High
CUST-1944,642.36,280.74,2,0.0,2.5,David O'Brien,0,Mid-Low
CUST-1945,694.44,865.2199999999999,2,0.0,6.0,John Smith,0,Mid-Low
CUST-1946,422.60999999999996,105.58,2,0.1,4.5,Priya Patel,2,Low-Value
CUST-1947,973.18,1346.8899999999999,3,0.049999999999999996,5.666666666666667,Maria Garcia ,1,High-Value
CUST-1948,955.89,1762.73,1,0.0,9.0,Maria Garcia ,1,High-Value
CUST-1949,338.59999999999997,163.55,3,0.13333333333333333,1.3333333333333333,Fatima Noor,2,Low-Value
CUST-1950,26.58,31.35,1,0.0,2.0,Fatima Noor,0,Mid-Low
CUST-1951,233.67,492.09,1,0.0,6.0,John Smith,0,Mid-Low
CUST-1952,389.78,95.29,2,0.075,4.5,Liam O'Connor,0,Mid-Low
CUST-1953,464.8,385.43,3,0.0,5.333333333333333,John Smith,0,Mid-Low
CUST-1954,124.75,83.2,3,0.03333333333333333,3.3333333333333335,Aisha Khan,0,Mid-Low
CUST-1955,17.65,17.19,1,0.15,6.0,Aisha Khan,2,Low-Value
CUST-1956,69.32,146.25,1,0.1,7.0,Maria Garcia ,2,Low-Value
CUST-1957,501.95,546.56,3,0.049999999999999996,6.666666666666667,Priya Patel,0,Mid-Low
CUST-1958,268.96999999999997,215.55,5,0.03,6.0,David O'Brien,3,Mid-High
CUST-1959,210.17000000000002,96.25,3,0.10000000000000002,3.3333333333333335,Aisha Khan,2,Low-Value
CUST-1960,396.47,152.05,2,0.125,3.5,Maria Garcia ,2,Low-Value
CUST-1961,159.06,88.63,2,0.075,5.0,Maria Garcia ,0,Mid-Low
CUST-1962,391.18,596.02,1,0.0,5.0,,0,Mid-Low
CUST-1963,123.11,74.75999999999999,2,0.0,5.5,John Smith,0,Mid-Low
CUST-1964,248.74,281.28000000000003,2,0.0,4.5,Priya Patel,0,Mid-Low
CUST-1965,24.67,26.98,1,0.0,4.0,Maria Garcia ,0,Mid-Low
CUST-1966,1054.48,888.4599999999999,5,0.06999999999999999,5.4,David O'Brien,3,Mid-High
CUST-1967,391.29,324.53000000000003,4,0.175,5.25,Fatima Noor,2,Low-Value
CUST-1968,4.88,6.71,1,0.0,6.0,Maria Garcia ,0,Mid-Low
CUST-1969,465.37,69.15,1,0.2,3.0,John Smith,2,Low-Value
CUST-1970,79.29,68.62,3,0.09999999999999999,5.0,Liam O'Connor,2,Low-Value
CUST-1971,1228.38,960.15,3,0.0,2.6666666666666665,David O'Brien,3,Mid-High
CUST-1974,317.14,37.77,3,0.08333333333333333,2.3333333333333335,Aisha Khan,0,Mid-Low
CUST-1975,553.86,473.96999999999997,4,0.15,5.75,Maria Garcia ,2,Low-Value
CUST-1976,1646.0,1307.94,5,0.09,5.0,Maria Garcia ,1,High-Value
CUST-1978,570.9599999999999,951.02,2,0.15,8.5,Fatima Noor,2,Low-Value
CUST-1979,10.74,1.61,1,0.0,1.0,Maria Garcia ,0,Mid-Low
CUST-1981,128.26999999999998,168.88,3,0.0,5.666666666666667,Aisha Khan,0,Mid-Low
CUST-1982,290.98,-159.81,4,0.07500000000000001,5.75,John Smith,3,Mid-High
CUST-1983,471.77,412.64,3,0.06666666666666667,2.6666666666666665,John Smith,0,Mid-Low
CUST-1984,1668.4499999999998,268.52,3,0.09999999999999999,5.333333333333333,  John Smith,3,Mid-High
CUST-1985,1115.9,1507.24,3,0.03333333333333333,5.333333333333333,Wei Chen,1,High-Value
CUST-1986,1110.46,37.19999999999999,4,0.05,6.5,  John Smith,3,Mid-High
CUST-1987,98.84,157.1,1,0.1,4.0,Maria Garcia ,2,Low-Value
CUST-1988,723.2299999999999,541.7,4,0.05,4.0,Aisha Khan,3,Mid-High
CUST-1989,1050.09,-129.77999999999994,5,0.09,5.4,Liam O'Connor,3,Mid-High
CUST-1990,453.63,-3.34,1,0.1,5.0,Aisha Khan,2,Low-Value
CUST-1991,157.5,88.1,2,0.0,6.0,Liam O'Connor,0,Mid-Low
CUST-1992,807.39,70.56,3,0.06666666666666667,5.666666666666667,  John Smith,3,Mid-High
CUST-1993,418.70000000000005,238.8,5,0.04,7.2,Fatima Noor,3,Mid-High
CUST-1994,578.07,159.47,5,0.08,4.2,Aisha Khan,3,Mid-High
CUST-1995,470.07000000000005,380.23,3,0.03333333333333333,4.333333333333333,Maria Garcia ,0,Mid-Low
CUST-1996,411.24,527.75,4,0.075,4.5,Maria Garcia ,3,Mid-High
CUST-1997,1246.56,1669.21,3,0.10000000000000002,4.0,  John Smith,1,High-Value
CUST-1998,426.09999999999997,243.15,3,0.16666666666666666,4.333333333333333,Maria Garcia ,2,Low-Value
